zone_id,zone_name,polygon_coordinates,value
1,MARINA (SOUTH),"POLYGON((103.855 1.27267,103.856 1.27316,103.851 1.27506,103.853 1.27941,103.853 1.2793,103.852 1.27879,103.852 1.27639,103.851 1.27624,103.851 1.27634,103.851 1.27661,103.851 1.27699,103.852 1.27985,103.852 1.28138,103.853 1.28188,103.853 1.28189,103.853 1.28058,103.853 1.28044,103.853 1.28048,103.853 1.28084,103.853 1.28206,103.853 1.28216,103.853 1.28205,103.853 1.28205,103.854 1.28196,103.854 1.28209,103.855 1.28141,103.855 1.2813,103.855 1.28086,103.856 1.28001,103.859 1.28528,103.859 1.28555,103.859 1.28556,103.859 1.28586,103.859 1.28587,103.859 1.28629,103.859 1.28662,103.859 1.28669,103.87 1.28157,103.873 1.27787,103.871 1.27586,103.863 1.26996,103.862 1.26924,103.861 1.2689,103.86 1.26869,103.859 1.26884,103.858 1.26921,103.856 1.2702,103.855 1.27088,103.856 1.27227,103.855 1.27253,103.851 1.27428,103.852 1.2739,103.855 1.27267))",102.75
2,EAST COAST PARK (NOT USED),"POLYGON((103.897 1.29527,103.901 1.29612,103.901 1.29612,103.902 1.29605,103.901 1.29536,103.894 1.29258,103.891 1.28985,103.89 1.28958,103.889 1.29021,103.889 1.29003,103.885 1.2869,103.884 1.28664,103.881 1.28376,103.879 1.28357,103.877 1.28185,103.876 1.28093,103.877 1.28069,103.878 1.28078,103.878 1.28032,103.877 1.28008,103.877 1.27996,103.875 1.28035,103.87 1.28559,103.867 1.2944,103.87 1.2951,103.874 1.29523,103.875 1.29543,103.877 1.29551,103.883 1.29566,103.889 1.29526,103.891 1.2953,103.893 1.29513,103.897 1.29527))",3
3,MARINA (NORTH),"POLYGON((103.869 1.30466,103.871 1.30205,103.867 1.29839,103.867 1.29442,103.867 1.2944,103.87 1.28559,103.875 1.28035,103.875 1.28035,103.873 1.27787,103.87 1.28156,103.87 1.28157,103.859 1.28669,103.858 1.28866,103.857 1.28981,103.857 1.29056,103.857 1.29097,103.856 1.29098,103.855 1.29195,103.856 1.29312,103.857 1.2955,103.857 1.29552,103.859 1.29731,103.86 1.29859,103.863 1.30017,103.863 1.30025,103.865 1.30216,103.865 1.30217,103.868 1.30398,103.869 1.30466))",34.75
4,HONG LIM,"POLYGON((103.854 1.28196,103.853 1.28205,103.853 1.28205,103.853 1.28216,103.853 1.28206,103.853 1.28084,103.853 1.28048,103.853 1.28044,103.853 1.28058,103.853 1.28189,103.853 1.28188,103.852 1.28138,103.852 1.27985,103.85 1.28085,103.851 1.28175,103.85 1.28194,103.848 1.28329,103.847 1.2842,103.848 1.2869,103.849 1.28863,103.849 1.28864,103.849 1.28916,103.85 1.28887,103.85 1.28886,103.851 1.28691,103.851 1.28688,103.851 1.28646,103.852 1.28641,103.852 1.28666,103.852 1.28667,103.853 1.28717,103.853 1.2877,103.853 1.28862,103.853 1.28863,103.858 1.28866,103.859 1.28669,103.859 1.28662,103.859 1.28629,103.859 1.28587,103.859 1.28586,103.859 1.28556,103.859 1.28555,103.859 1.28528,103.859 1.28526,103.856 1.28001,103.855 1.28086,103.855 1.2813,103.855 1.28139,103.855 1.28141,103.854 1.28209,103.854 1.28196))",13
5,CHINATOWN,"POLYGON((103.843 1.29156,103.844 1.29121,103.845 1.29048,103.845 1.28949,103.845 1.28933,103.845 1.28931,103.847 1.28986,103.847 1.28995,103.848 1.28979,103.849 1.28937,103.849 1.28916,103.849 1.28864,103.848 1.2869,103.847 1.2842,103.844 1.28067,103.844 1.28133,103.843 1.28135,103.843 1.28095,103.843 1.28101,103.842 1.28212,103.843 1.28299,103.842 1.28347,103.84 1.28067,103.84 1.28169,103.842 1.28411,103.842 1.28526,103.842 1.28643,103.842 1.28717,103.842 1.28821,103.841 1.2892,103.842 1.29064,103.843 1.29156))",69
6,TELOK AYER,"POLYGON((103.844 1.28067,103.847 1.2842,103.848 1.28329,103.85 1.28194,103.851 1.28175,103.85 1.28085,103.852 1.27985,103.851 1.27699,103.851 1.27661,103.851 1.27634,103.851 1.27624,103.852 1.27639,103.852 1.27879,103.853 1.2793,103.853 1.27941,103.851 1.27506,103.85 1.27541,103.849 1.2759,103.848 1.27651,103.847 1.27713,103.844 1.28067))",11.25
7,TANJONG PAGAR,"POLYGON((103.85 1.27541,103.851 1.27506,103.856 1.27316,103.855 1.27267,103.855 1.27253,103.851 1.27428,103.851 1.27381,103.852 1.27308,103.852 1.26342,103.851 1.26288,103.852 1.26125,103.851 1.26035,103.846 1.26653,103.845 1.26554,103.847 1.26221,103.846 1.26155,103.845 1.26246,103.843 1.26389,103.843 1.26464,103.843 1.26797,103.843 1.27007,103.843 1.27085,103.842 1.27136,103.844 1.27358,103.843 1.27389,103.843 1.27438,103.843 1.27666,103.844 1.28067,103.847 1.27713,103.848 1.27651,103.849 1.2759,103.85 1.27541))",38.75
8,KEPPEL/SENTOSA,"POLYGON((103.843 1.26797,103.843 1.26464,103.843 1.26389,103.839 1.26741,103.833 1.26733,103.832 1.26725,103.832 1.2681,103.832 1.26877,103.833 1.26923,103.832 1.27071,103.833 1.27084,103.833 1.27102,103.833 1.27334,103.833 1.27355,103.829 1.27506,103.831 1.27544,103.833 1.27625,103.835 1.2763,103.835 1.27685,103.837 1.27804,103.837 1.27889,103.84 1.28067,103.84 1.28068,103.842 1.28347,103.843 1.28299,103.842 1.28212,103.843 1.28101,103.843 1.28095,103.843 1.28135,103.844 1.28133,103.844 1.28067,103.843 1.27666,103.843 1.27438,103.843 1.27389,103.844 1.27358,103.842 1.27136,103.843 1.27085,103.843 1.27007,103.843 1.26797))",52.25
9,MOUNT FABER/SENTOSA,"POLYGON((103.811 1.26935,103.811 1.27008,103.811 1.27097,103.812 1.2726,103.812 1.27301,103.813 1.27396,103.813 1.27401,103.814 1.27486,103.815 1.27566,103.816 1.27744,103.816 1.27817,103.817 1.27851,103.817 1.2801,103.818 1.28046,103.819 1.27926,103.821 1.27886,103.824 1.27858,103.824 1.27857,103.825 1.27797,103.827 1.27715,103.829 1.27506,103.833 1.27355,103.833 1.27334,103.833 1.27102,103.833 1.27084,103.832 1.27071,103.833 1.26923,103.832 1.26877,103.832 1.2681,103.832 1.26725,103.828 1.26455,103.825 1.26283,103.824 1.26278,103.824 1.26043,103.827 1.26202,103.827 1.26199,103.83 1.26367,103.833 1.26416,103.836 1.26416,103.836 1.26403,103.838 1.26309,103.842 1.25866,103.843 1.2577,103.843 1.25728,103.841 1.2566,103.839 1.25527,103.837 1.2542,103.833 1.25544,103.829 1.25657,103.829 1.25632,103.829 1.25635,103.828 1.25709,103.827 1.25706,103.827 1.25728,103.826 1.25761,103.825 1.25822,103.825 1.25893,103.824 1.25946,103.824 1.25679,103.825 1.25567,103.826 1.255,103.828 1.2547,103.831 1.25494,103.833 1.2547,103.834 1.25393,103.835 1.25348,103.835 1.25333,103.837 1.25346,103.838 1.2542,103.84 1.25415,103.84 1.25382,103.841 1.25393,103.842 1.25348,103.842 1.25244,103.843 1.25247,103.844 1.2526,103.845 1.25332,103.846 1.2534,103.847 1.25285,103.849 1.25211,103.848 1.25073,103.847 1.24875,103.844 1.24473,103.843 1.24346,103.841 1.24078,103.84 1.23992,103.838 1.23859,103.837 1.23834,103.836 1.23871,103.836 1.23893,103.835 1.23878,103.834 1.23762,103.833 1.23746,103.832 1.23772,103.831 1.23869,103.828 1.2411,103.822 1.24647,103.816 1.25086,103.811 1.25441,103.809 1.25574,103.808 1.25712,103.807 1.25882,103.806 1.25956,103.807 1.26011,103.808 1.26022,103.809 1.26009,103.812 1.25934,103.813 1.25928,103.815 1.25906,103.816 1.25871,103.817 1.25919,103.817 1.25991,103.818 1.26015,103.818 1.26002,103.819 1.25959,103.819 1.25904,103.82 1.25873,103.823 1.25679,103.823 1.26281,103.821 1.26288,103.821 1.26243,103.821 1.26244,103.821 1.26282,103.82 1.26284,103.82 1.26186,103.818 1.26191,103.818 1.26225,103.82 1.26223,103.82 1.26294,103.816 1.26362,103.813 1.26631,103.811 1.26607,103.81 1.26531,103.81 1.26498,103.809 1.26494,103.808 1.26496,103.808 1.26505,103.808 1.2657,103.808 1.26715,103.808 1.26768,103.81 1.26856,103.811 1.26935))",144.25
10,TELOK BLANGAH,"POLYGON((103.801 1.28421,103.804 1.2839,103.807 1.28367,103.811 1.28346,103.813 1.28309,103.815 1.28232,103.818 1.28046,103.817 1.2801,103.817 1.27851,103.816 1.27817,103.816 1.27744,103.816 1.27718,103.815 1.27566,103.814 1.27486,103.813 1.27401,103.813 1.27396,103.812 1.27301,103.812 1.2726,103.811 1.27097,103.811 1.27008,103.811 1.26935,103.81 1.26856,103.808 1.26768,103.808 1.26715,103.808 1.2657,103.807 1.26555,103.807 1.26556,103.807 1.26564,103.806 1.26624,103.806 1.2663,103.803 1.26923,103.803 1.26981,103.802 1.27077,103.802 1.27272,103.802 1.27371,103.802 1.27445,103.802 1.27543,103.803 1.27817,103.803 1.27874,103.803 1.27908,103.803 1.27914,103.802 1.28143,103.802 1.28151,103.801 1.28306,103.801 1.28421,103.801 1.28421))",58.75
11,PASIR PANJANG,"POLYGON((103.801 1.28421,103.801 1.28306,103.802 1.28151,103.802 1.28143,103.803 1.27914,103.803 1.27908,103.803 1.27874,103.803 1.27817,103.802 1.27543,103.802 1.27445,103.802 1.27371,103.802 1.27272,103.802 1.27077,103.803 1.26981,103.803 1.26923,103.806 1.2663,103.806 1.26624,103.807 1.26564,103.807 1.26556,103.807 1.26478,103.805 1.26208,103.801 1.26561,103.801 1.26639,103.798 1.26842,103.796 1.26713,103.778 1.27763,103.77 1.26372,103.747 1.2786,103.754 1.28802,103.769 1.27953,103.772 1.28352,103.765 1.28805,103.767 1.29164,103.768 1.29245,103.769 1.29406,103.769 1.29432,103.769 1.29445,103.77 1.29469,103.77 1.29482,103.77 1.29521,103.77 1.29638,103.77 1.29814,103.77 1.2984,103.77 1.29941,103.77 1.29963,103.77 1.29981,103.77 1.30011,103.77 1.3002,103.77 1.30033,103.771 1.30147,103.771 1.30191,103.771 1.30254,103.771 1.30336,103.771 1.30369,103.771 1.30388,103.771 1.30407,103.774 1.30256,103.78 1.29919,103.783 1.29734,103.785 1.29537,103.787 1.29372,103.788 1.29233,103.792 1.28967,103.794 1.28867,103.8 1.28455,103.801 1.28421,103.801 1.28421))",31.25
12,WEST COAST/CLEMENTI,"POLYGON((103.747 1.31153,103.747 1.31234,103.752 1.32371,103.754 1.3252,103.755 1.32573,103.756 1.32598,103.757 1.32594,103.759 1.32434,103.76 1.32438,103.762 1.32532,103.763 1.32544,103.764 1.32483,103.766 1.32387,103.768 1.32371,103.77 1.32487,103.771 1.32609,103.772 1.3266,103.774 1.32709,103.776 1.32695,103.775 1.32572,103.775 1.32526,103.774 1.32501,103.774 1.32501,103.774 1.32497,103.773 1.32444,103.772 1.32394,103.772 1.32353,103.771 1.32219,103.771 1.32105,103.771 1.32036,103.771 1.31935,103.772 1.3121,103.772 1.30987,103.772 1.30838,103.771 1.30534,103.771 1.30407,103.771 1.30388,103.771 1.30369,103.771 1.30336,103.771 1.30254,103.771 1.30191,103.771 1.30147,103.77 1.30033,103.77 1.3002,103.77 1.30011,103.77 1.29981,103.77 1.29963,103.77 1.29941,103.77 1.2984,103.77 1.29814,103.77 1.29638,103.77 1.29521,103.77 1.29482,103.77 1.29469,103.769 1.29445,103.769 1.29432,103.769 1.29406,103.768 1.29245,103.767 1.29164,103.765 1.28805,103.76 1.29068,103.762 1.29416,103.758 1.298,103.756 1.29715,103.752 1.30694,103.747 1.31153))",172.75
13,BOUNA VISTA,"POLYGON((103.801 1.28421,103.801 1.28421,103.801 1.28421,103.8 1.28455,103.794 1.28867,103.792 1.28967,103.788 1.29233,103.788 1.29234,103.787 1.29372,103.785 1.29537,103.783 1.29734,103.78 1.29919,103.774 1.30256,103.771 1.30407,103.771 1.30407,103.771 1.30407,103.771 1.30534,103.772 1.30838,103.772 1.30987,103.772 1.3121,103.771 1.31935,103.772 1.3186,103.774 1.31716,103.776 1.31588,103.778 1.31467,103.779 1.3139,103.779 1.31369,103.781 1.31341,103.784 1.31238,103.785 1.31159,103.787 1.3101,103.788 1.30912,103.79 1.30844,103.791 1.30824,103.792 1.30745,103.793 1.30582,103.793 1.30468,103.795 1.30143,103.796 1.29865,103.798 1.29617,103.799 1.29498,103.799 1.29435,103.799 1.29033,103.799 1.28781,103.799 1.28663,103.8 1.28591,103.8 1.28558,103.801 1.28535,103.802 1.28704,103.801 1.28535,103.801 1.28421))",50.25
14,QUEENSTOWN/COMMONWEALTH,"POLYGON((103.803 1.31071,103.803 1.31219,103.803 1.31219,103.803 1.31219,103.803 1.31219,103.803 1.31219,103.803 1.31219,103.804 1.31143,103.803 1.30746,103.802 1.3052,103.802 1.30405,103.803 1.30247,103.804 1.30164,103.805 1.3007,103.806 1.30045,103.807 1.30056,103.808 1.30019,103.81 1.29821,103.813 1.29682,103.815 1.29468,103.816 1.29397,103.815 1.29248,103.814 1.29284,103.811 1.29307,103.81 1.29346,103.809 1.29351,103.808 1.29334,103.807 1.2914,103.805 1.28937,103.803 1.28837,103.802 1.28704,103.801 1.28535,103.8 1.28558,103.8 1.28591,103.799 1.28663,103.799 1.28781,103.799 1.29033,103.799 1.29435,103.799 1.29498,103.798 1.29617,103.796 1.29865,103.795 1.30143,103.793 1.30468,103.793 1.30582,103.792 1.30745,103.791 1.30824,103.792 1.30827,103.793 1.30809,103.795 1.30649,103.795 1.30634,103.796 1.30643,103.796 1.30695,103.797 1.30819,103.798 1.30837,103.798 1.30821,103.799 1.30937,103.799 1.30956,103.8 1.30962,103.802 1.30884,103.803 1.31071))",87.75
15,BUKIT MERAH,"POLYGON((103.824 1.28693,103.824 1.28671,103.825 1.28634,103.825 1.28516,103.825 1.28477,103.825 1.28349,103.824 1.28186,103.824 1.28117,103.824 1.28092,103.824 1.27968,103.824 1.27877,103.824 1.27857,103.821 1.27886,103.819 1.27926,103.818 1.28046,103.815 1.28232,103.813 1.28309,103.811 1.28346,103.807 1.28367,103.804 1.2839,103.801 1.28421,103.801 1.28535,103.802 1.28704,103.803 1.28837,103.805 1.28937,103.807 1.2914,103.808 1.29334,103.809 1.29351,103.81 1.29346,103.811 1.29307,103.814 1.29284,103.815 1.29248,103.816 1.29397,103.816 1.29575,103.82 1.29464,103.823 1.29378,103.823 1.29343,103.823 1.29263,103.823 1.29253,103.825 1.29264,103.826 1.29298,103.825 1.29246,103.826 1.2918,103.825 1.29116,103.823 1.29133,103.823 1.29084,103.823 1.28892,103.823 1.28826,103.824 1.28693))",110.75
16,TIONG BAHRU,"POLYGON((103.834 1.29304,103.836 1.29295,103.836 1.29293,103.836 1.29259,103.836 1.29084,103.838 1.29005,103.84 1.29029,103.84 1.29112,103.841 1.29121,103.841 1.29102,103.841 1.2895,103.841 1.2892,103.842 1.28821,103.842 1.28717,103.842 1.28643,103.842 1.28526,103.842 1.28411,103.84 1.28169,103.84 1.28067,103.837 1.27889,103.837 1.27804,103.835 1.27685,103.835 1.2763,103.833 1.27625,103.831 1.27544,103.829 1.27506,103.827 1.27715,103.825 1.27797,103.824 1.27857,103.824 1.27877,103.824 1.27968,103.824 1.28092,103.824 1.28117,103.824 1.28186,103.825 1.28349,103.825 1.28477,103.825 1.28516,103.825 1.28634,103.825 1.28659,103.824 1.28694,103.823 1.28826,103.823 1.28892,103.823 1.29084,103.823 1.29133,103.825 1.29116,103.826 1.2918,103.825 1.29246,103.826 1.29298,103.828 1.29351,103.83 1.29287,103.833 1.29311,103.833 1.29311,103.834 1.29304))",217.5
17,FORT CANNING,"POLYGON((103.848 1.29853,103.849 1.29785,103.849 1.29739,103.85 1.29587,103.85 1.29533,103.851 1.29484,103.852 1.29417,103.853 1.29514,103.854 1.29487,103.854 1.2941,103.854 1.29305,103.855 1.29195,103.856 1.29098,103.857 1.29097,103.857 1.29056,103.857 1.28981,103.858 1.28866,103.853 1.28863,103.853 1.28862,103.853 1.2877,103.853 1.28717,103.852 1.28667,103.852 1.28666,103.852 1.28641,103.851 1.28645,103.851 1.28646,103.851 1.28688,103.851 1.28691,103.85 1.28886,103.85 1.28887,103.849 1.28916,103.849 1.28917,103.849 1.28935,103.849 1.28937,103.848 1.28979,103.847 1.28995,103.847 1.28986,103.845 1.28931,103.845 1.28932,103.845 1.28949,103.845 1.2895,103.845 1.29048,103.844 1.29121,103.843 1.29156,103.844 1.29354,103.844 1.29355,103.844 1.29527,103.844 1.29682,103.844 1.29754,103.845 1.29798,103.846 1.29829,103.847 1.29864,103.848 1.29853))",35.5
18,BUGIS,"POLYGON((103.849 1.29974,103.85 1.3011,103.85 1.30384,103.85 1.30519,103.851 1.30532,103.851 1.30505,103.852 1.30474,103.852 1.30434,103.853 1.30411,103.854 1.30318,103.855 1.30318,103.856 1.30374,103.857 1.30321,103.859 1.30077,103.86 1.29943,103.86 1.29859,103.859 1.29731,103.857 1.2955,103.856 1.29312,103.855 1.29195,103.854 1.29305,103.854 1.2941,103.854 1.29487,103.853 1.29514,103.852 1.29417,103.851 1.29484,103.85 1.29533,103.85 1.29587,103.849 1.29739,103.849 1.29785,103.848 1.29854,103.848 1.29894,103.849 1.29935,103.849 1.29974))",77.5
37,PAYA LEBAR/CIRCUIT ROAD,"POLYGON((103.884 1.32713,103.88 1.32727,103.88 1.32741,103.88 1.32772,103.885 1.32767,103.885 1.33064,103.886 1.33117,103.887 1.33172,103.889 1.33239,103.89 1.33016,103.89 1.32786,103.89 1.32649,103.891 1.32561,103.891 1.32421,103.891 1.32301,103.889 1.3225,103.886 1.32236,103.884 1.32212,103.884 1.32484,103.885 1.32683,103.884 1.32713))",72.5
19,SULTAN MOSQUE,"POLYGON((103.856 1.30374,103.858 1.30543,103.858 1.30543,103.859 1.30553,103.859 1.30554,103.86 1.30583,103.861 1.30631,103.862 1.3063,103.862 1.30613,103.863 1.30608,103.863 1.30608,103.863 1.30612,103.864 1.30633,103.864 1.30679,103.864 1.3068,103.865 1.30734,103.865 1.30709,103.867 1.30482,103.868 1.30551,103.869 1.30466,103.868 1.30398,103.865 1.30217,103.865 1.30216,103.863 1.30025,103.863 1.30017,103.86 1.29859,103.86 1.29943,103.859 1.30077,103.857 1.30321,103.856 1.30374))",129.75
20,LITTLE INDIA,"POLYGON((103.856 1.30374,103.855 1.30318,103.855 1.30318,103.854 1.30318,103.853 1.30411,103.852 1.30433,103.852 1.30473,103.851 1.30505,103.855 1.31085,103.858 1.31464,103.859 1.31599,103.859 1.31547,103.86 1.31447,103.863 1.31086,103.864 1.30936,103.865 1.30734,103.864 1.30679,103.864 1.30633,103.863 1.30612,103.863 1.30608,103.863 1.30612,103.862 1.30628,103.861 1.30631,103.86 1.30583,103.859 1.30554,103.858 1.30543,103.858 1.30543,103.856 1.30374))",87.75
21,FARRER PARK,"POLYGON((103.846 1.3176,103.846 1.31784,103.847 1.31802,103.849 1.31881,103.85 1.31881,103.85 1.31846,103.852 1.3195,103.853 1.31985,103.853 1.31986,103.855 1.31925,103.857 1.31776,103.859 1.31599,103.858 1.31464,103.855 1.31085,103.851 1.30505,103.85 1.30624,103.849 1.30663,103.848 1.30798,103.847 1.30845,103.847 1.30902,103.848 1.31064,103.848 1.31088,103.848 1.31131,103.848 1.31151,103.847 1.3122,103.846 1.31431,103.846 1.31431,103.846 1.31491,103.847 1.31634,103.846 1.31719,103.846 1.3176))",58
22,KAMPONG JAVA,"POLYGON((103.848 1.29894,103.848 1.29894,103.848 1.29946,103.846 1.30013,103.839 1.30206,103.829 1.30756,103.829 1.30895,103.83 1.30865,103.831 1.30799,103.831 1.30864,103.832 1.30999,103.833 1.30954,103.833 1.30959,103.835 1.31134,103.838 1.31299,103.839 1.31379,103.839 1.31315,103.84 1.31366,103.846 1.31431,103.847 1.3122,103.848 1.31151,103.848 1.31131,103.848 1.31088,103.848 1.31064,103.847 1.30902,103.847 1.30845,103.848 1.30798,103.849 1.30663,103.85 1.30624,103.851 1.30532,103.85 1.30519,103.85 1.30384,103.85 1.3011,103.849 1.29974,103.849 1.29935,103.848 1.29894))",100
23,ORCHARD,"POLYGON((103.836 1.29259,103.836 1.29293,103.836 1.29295,103.833 1.29311,103.832 1.29576,103.831 1.29665,103.83 1.29702,103.83 1.29965,103.829 1.30148,103.829 1.30188,103.829 1.30265,103.829 1.30321,103.83 1.30523,103.829 1.30573,103.829 1.30614,103.829 1.30693,103.829 1.30756,103.839 1.30206,103.846 1.30012,103.848 1.29946,103.848 1.29894,103.848 1.29853,103.847 1.29864,103.846 1.29829,103.845 1.29798,103.844 1.29754,103.844 1.29682,103.844 1.29527,103.844 1.29355,103.843 1.29156,103.842 1.29065,103.841 1.2892,103.841 1.2895,103.841 1.29102,103.841 1.29121,103.84 1.2911,103.84 1.2903,103.839 1.28981,103.838 1.29002,103.836 1.29084,103.836 1.29259))",145.5
24,TANGLIN,"POLYGON((103.807 1.30056,103.806 1.30045,103.805 1.3007,103.804 1.30164,103.803 1.30247,103.803 1.30299,103.802 1.30405,103.802 1.3052,103.803 1.30746,103.804 1.31143,103.807 1.31021,103.809 1.3095,103.811 1.30807,103.813 1.30727,103.815 1.30703,103.818 1.30734,103.82 1.30733,103.82 1.30705,103.823 1.30554,103.823 1.30564,103.824 1.3062,103.825 1.30668,103.826 1.30754,103.827 1.30802,103.828 1.30796,103.829 1.30756,103.829 1.30693,103.829 1.30614,103.829 1.30573,103.83 1.30523,103.829 1.30321,103.829 1.30265,103.829 1.30188,103.829 1.30148,103.83 1.29965,103.83 1.29702,103.831 1.29665,103.832 1.29576,103.833 1.29311,103.83 1.29287,103.828 1.29351,103.826 1.29298,103.825 1.29264,103.823 1.29253,103.823 1.29263,103.823 1.29343,103.823 1.29378,103.82 1.29464,103.816 1.29575,103.816 1.29397,103.815 1.29468,103.813 1.29682,103.81 1.29821,103.808 1.30019,103.807 1.30056))",87
25,BOTANIC GARDENS,"POLYGON((103.805 1.31448,103.805 1.31449,103.805 1.31512,103.805 1.31546,103.806 1.31616,103.809 1.31892,103.81 1.31931,103.81 1.31932,103.81 1.31937,103.811 1.31994,103.812 1.32057,103.813 1.32258,103.813 1.32333,103.817 1.3229,103.82 1.32254,103.823 1.32174,103.825 1.32079,103.831 1.3189,103.834 1.31793,103.835 1.31734,103.839 1.31379,103.838 1.31299,103.835 1.31134,103.833 1.30959,103.833 1.30954,103.832 1.30999,103.831 1.30864,103.831 1.30799,103.83 1.30865,103.829 1.30895,103.829 1.30756,103.828 1.30796,103.827 1.30802,103.826 1.30754,103.825 1.30668,103.824 1.3062,103.823 1.30564,103.823 1.30554,103.82 1.30705,103.82 1.30733,103.818 1.30734,103.815 1.30703,103.813 1.30726,103.811 1.30807,103.809 1.3095,103.807 1.31021,103.804 1.31143,103.804 1.31379,103.805 1.31446,103.805 1.31448))",28
26,HOLLAND,"POLYGON((103.796 1.33175,103.798 1.331,103.8 1.33019,103.803 1.3293,103.805 1.32819,103.811 1.32411,103.812 1.32357,103.813 1.32333,103.813 1.32256,103.813 1.32191,103.812 1.3206,103.811 1.31994,103.81 1.31931,103.809 1.31892,103.806 1.31616,103.805 1.31546,103.805 1.31512,103.805 1.31449,103.804 1.31379,103.804 1.31143,103.803 1.31219,103.801 1.31277,103.799 1.31387,103.798 1.31402,103.797 1.31389,103.796 1.31321,103.795 1.31334,103.793 1.31447,103.791 1.31579,103.789 1.31717,103.788 1.31793,103.788 1.31826,103.79 1.321,103.792 1.32347,103.793 1.32492,103.793 1.32541,103.794 1.32712,103.795 1.32967,103.795 1.33032,103.795 1.33092,103.796 1.33175))",9.75
27,ULU PANDAN,"POLYGON((103.792 1.32419,103.792 1.32347,103.79 1.321,103.788 1.31826,103.788 1.31793,103.789 1.31717,103.791 1.31579,103.793 1.31447,103.795 1.31334,103.796 1.31321,103.797 1.31389,103.798 1.31403,103.798 1.31391,103.799 1.31387,103.801 1.31277,103.803 1.31219,103.803 1.31219,103.803 1.31071,103.802 1.30884,103.8 1.30962,103.799 1.30956,103.799 1.30937,103.798 1.30821,103.798 1.30837,103.797 1.30819,103.797 1.30817,103.797 1.30722,103.796 1.30695,103.796 1.30643,103.795 1.30634,103.795 1.30649,103.793 1.30809,103.792 1.30827,103.791 1.30824,103.79 1.30843,103.788 1.30912,103.787 1.3101,103.785 1.31159,103.784 1.31238,103.781 1.31341,103.779 1.31369,103.779 1.3139,103.778 1.31467,103.777 1.31538,103.776 1.31588,103.776 1.31588,103.774 1.31716,103.775 1.31784,103.776 1.31911,103.777 1.31961,103.779 1.31965,103.78 1.31916,103.78 1.319,103.781 1.32151,103.781 1.3226,103.781 1.32311,103.779 1.32482,103.78 1.32594,103.781 1.32698,103.781 1.3275,103.781 1.33134,103.781 1.33284,103.781 1.3332,103.782 1.3338,103.783 1.33417,103.784 1.33391,103.786 1.33273,103.787 1.33264,103.788 1.33289,103.789 1.33418,103.79 1.3339,103.791 1.33346,103.796 1.33175,103.795 1.33092,103.795 1.33031,103.795 1.32967,103.794 1.32712,103.793 1.32541,103.793 1.32492,103.792 1.32419))",55.75
28,BUKIT TIMAH/WATTEN,"POLYGON((103.814 1.34719,103.816 1.3452,103.817 1.34482,103.818 1.3448,103.818 1.34495,103.819 1.34496,103.82 1.34489,103.818 1.33963,103.818 1.33795,103.819 1.3367,103.819 1.33578,103.818 1.33365,103.817 1.33259,103.815 1.3307,103.815 1.33006,103.814 1.32831,103.814 1.32774,103.814 1.32637,103.814 1.32544,103.813 1.32333,103.812 1.32357,103.811 1.32411,103.805 1.32819,103.803 1.3293,103.8 1.33021,103.798 1.331,103.796 1.33175,103.791 1.33346,103.79 1.3339,103.789 1.33418,103.789 1.3357,103.789 1.33691,103.789 1.3389,103.789 1.34103,103.789 1.34334,103.79 1.34486,103.791 1.34697,103.792 1.34962,103.792 1.35019,103.793 1.35052,103.794 1.35047,103.796 1.34992,103.797 1.34929,103.799 1.3478,103.8 1.34629,103.801 1.34607,103.802 1.34641,103.803 1.34663,103.803 1.34764,103.803 1.34857,103.803 1.34906,103.804 1.35023,103.806 1.35138,103.806 1.35124,103.807 1.35152,103.808 1.3514,103.811 1.3493,103.814 1.34719))",8
29,DUNEARN/ADAM,"POLYGON((103.842 1.32911,103.841 1.32899,103.841 1.32873,103.841 1.32797,103.841 1.32717,103.839 1.32726,103.838 1.32756,103.837 1.32692,103.837 1.32625,103.837 1.32523,103.837 1.32504,103.836 1.32485,103.835 1.3248,103.835 1.32487,103.834 1.32602,103.833 1.32566,103.832 1.3259,103.83 1.32679,103.83 1.32682,103.829 1.32644,103.828 1.32626,103.828 1.32602,103.828 1.32572,103.827 1.32506,103.827 1.32405,103.827 1.3235,103.826 1.32263,103.826 1.32205,103.826 1.32159,103.826 1.32106,103.825 1.32079,103.823 1.32174,103.82 1.32254,103.817 1.3229,103.813 1.32333,103.814 1.32544,103.814 1.32637,103.814 1.32774,103.814 1.32831,103.815 1.33006,103.815 1.3307,103.817 1.33259,103.818 1.33365,103.819 1.33578,103.819 1.3367,103.818 1.33795,103.818 1.33963,103.82 1.34489,103.822 1.34554,103.826 1.34588,103.827 1.34572,103.828 1.34509,103.831 1.34427,103.832 1.34414,103.832 1.34433,103.834 1.34513,103.836 1.34605,103.836 1.3459,103.837 1.34554,103.837 1.34491,103.836 1.34339,103.836 1.3427,103.836 1.3427,103.836 1.34266,103.836 1.34263,103.837 1.3431,103.838 1.34313,103.838 1.34288,103.84 1.34194,103.84 1.34178,103.841 1.34146,103.841 1.34146,103.844 1.34008,103.844 1.3392,103.843 1.33725,103.843 1.33752,103.842 1.33746,103.842 1.33715,103.842 1.33658,103.842 1.33635,103.841 1.33605,103.838 1.33571,103.838 1.33524,103.838 1.33474,103.838 1.33446,103.842 1.33503,103.842 1.33455,103.842 1.33227,103.842 1.33001,103.842 1.32911))",15.75
30,NOVENA,"POLYGON((103.826 1.32159,103.826 1.32205,103.826 1.32263,103.827 1.3235,103.827 1.32405,103.827 1.32506,103.828 1.32572,103.828 1.32602,103.828 1.32626,103.829 1.32644,103.83 1.32682,103.83 1.32679,103.832 1.3259,103.833 1.32566,103.834 1.32602,103.835 1.32487,103.835 1.3248,103.836 1.32485,103.837 1.32504,103.837 1.32523,103.837 1.32625,103.837 1.32692,103.838 1.32756,103.839 1.32726,103.841 1.32717,103.841 1.32797,103.841 1.32873,103.841 1.32899,103.842 1.32809,103.842 1.32615,103.843 1.32538,103.845 1.32431,103.846 1.32424,103.847 1.32458,103.847 1.32574,103.848 1.32667,103.849 1.32581,103.85 1.32476,103.851 1.32542,103.851 1.32534,103.851 1.32509,103.85 1.32429,103.849 1.32368,103.849 1.32307,103.849 1.32288,103.849 1.32281,103.85 1.32267,103.851 1.32336,103.852 1.3231,103.852 1.32247,103.853 1.3225,103.853 1.32096,103.853 1.32026,103.853 1.31986,103.853 1.31986,103.853 1.31986,103.853 1.31985,103.852 1.3195,103.85 1.31846,103.85 1.31881,103.849 1.31881,103.847 1.31802,103.846 1.31784,103.846 1.3176,103.846 1.31719,103.847 1.31634,103.846 1.31491,103.846 1.31431,103.84 1.31366,103.839 1.31315,103.839 1.31379,103.835 1.31734,103.834 1.31793,103.831 1.3189,103.825 1.32079,103.826 1.32106,103.826 1.32159))",71.25
31,TOA PAYOH,"POLYGON((103.864 1.3372,103.864 1.33719,103.864 1.33685,103.865 1.3365,103.865 1.33537,103.865 1.33423,103.865 1.3317,103.864 1.33048,103.864 1.33007,103.862 1.33063,103.861 1.33057,103.857 1.32943,103.856 1.32921,103.856 1.3292,103.853 1.32933,103.849 1.3298,103.848 1.32976,103.846 1.32911,103.846 1.32921,103.846 1.32979,103.843 1.32956,103.842 1.32933,103.842 1.32911,103.842 1.33001,103.842 1.33227,103.842 1.33455,103.842 1.33503,103.838 1.33446,103.838 1.33474,103.838 1.33524,103.838 1.33571,103.841 1.33605,103.842 1.33635,103.842 1.33658,103.842 1.33715,103.842 1.33746,103.843 1.33752,103.843 1.33725,103.844 1.3392,103.844 1.34008,103.841 1.34147,103.842 1.34239,103.843 1.34373,103.844 1.34402,103.844 1.34388,103.845 1.3438,103.845 1.34375,103.846 1.34371,103.846 1.34371,103.848 1.34377,103.849 1.34377,103.849 1.34371,103.852 1.34346,103.853 1.3433,103.853 1.34327,103.854 1.34326,103.854 1.34323,103.856 1.3433,103.857 1.3433,103.857 1.34278,103.858 1.34169,103.862 1.33885,103.864 1.3372,103.864 1.3372))",199.75
32,KIM KEAT,"POLYGON((103.855 1.31925,103.855 1.31925,103.855 1.31931,103.853 1.31986,103.853 1.31986,103.853 1.31986,103.853 1.31986,103.853 1.31986,103.853 1.32026,103.853 1.32083,103.853 1.32095,103.853 1.32096,103.853 1.3225,103.852 1.32247,103.852 1.3231,103.851 1.32336,103.85 1.32267,103.85 1.32261,103.849 1.32279,103.849 1.32307,103.849 1.32368,103.85 1.32429,103.851 1.32509,103.851 1.32534,103.851 1.32542,103.85 1.32476,103.849 1.32581,103.848 1.32667,103.847 1.32574,103.847 1.32458,103.846 1.32423,103.845 1.3243,103.845 1.32431,103.843 1.32538,103.842 1.32615,103.842 1.32809,103.841 1.32899,103.842 1.32933,103.843 1.32956,103.846 1.32979,103.846 1.32921,103.846 1.32911,103.848 1.32976,103.849 1.3298,103.853 1.32933,103.856 1.3292,103.856 1.32921,103.857 1.32943,103.861 1.33057,103.862 1.33063,103.864 1.33007,103.866 1.32917,103.868 1.32849,103.868 1.32848,103.868 1.32807,103.868 1.3274,103.866 1.32522,103.865 1.32373,103.864 1.32201,103.863 1.32082,103.861 1.31838,103.859 1.31599,103.857 1.31775,103.855 1.31925))",174.75
33,KALLANG/BENDEMEER,"POLYGON((103.865 1.30709,103.865 1.30734,103.864 1.30936,103.863 1.31086,103.862 1.31094,103.86 1.31447,103.859 1.31547,103.859 1.31548,103.859 1.31599,103.861 1.31838,103.863 1.32082,103.863 1.32083,103.864 1.32201,103.865 1.32369,103.865 1.32373,103.866 1.32522,103.868 1.3274,103.868 1.32807,103.869 1.3274,103.872 1.3252,103.874 1.32185,103.875 1.32018,103.875 1.31946,103.873 1.31942,103.873 1.31917,103.872 1.31881,103.872 1.31789,103.872 1.31786,103.872 1.31747,103.872 1.31746,103.869 1.31517,103.869 1.31219,103.87 1.31059,103.87 1.31058,103.87 1.31055,103.871 1.30974,103.871 1.30974,103.871 1.30972,103.871 1.30815,103.868 1.30551,103.867 1.30482,103.865 1.30709))",47.75
34,UPPER SERANGOON/SENNETT,"POLYGON((103.871 1.34349,103.874 1.33948,103.875 1.33911,103.877 1.33701,103.878 1.33683,103.878 1.33672,103.878 1.33634,103.878 1.33523,103.878 1.33385,103.879 1.33263,103.879 1.33204,103.879 1.33126,103.88 1.3277,103.88 1.32693,103.881 1.32616,103.881 1.32523,103.881 1.32418,103.881 1.32268,103.876 1.3206,103.875 1.32018,103.874 1.32185,103.872 1.3252,103.869 1.3274,103.868 1.32807,103.869 1.32836,103.869 1.32877,103.869 1.33056,103.87 1.33222,103.87 1.33305,103.87 1.33389,103.87 1.33482,103.87 1.33563,103.87 1.33623,103.871 1.33939,103.871 1.34278,103.871 1.34339,103.871 1.3435,103.871 1.34349))",6.5
35,POTONG PASIR,"POLYGON((103.864 1.33115,103.865 1.3317,103.865 1.3333,103.865 1.33538,103.865 1.33596,103.865 1.33648,103.862 1.33885,103.858 1.34169,103.857 1.34278,103.857 1.3433,103.858 1.34333,103.859 1.34338,103.86 1.3434,103.86 1.34342,103.861 1.34339,103.861 1.34348,103.861 1.34718,103.861 1.3489,103.861 1.3493,103.862 1.35031,103.863 1.35127,103.863 1.35144,103.863 1.35149,103.864 1.35128,103.865 1.35073,103.867 1.35038,103.869 1.34955,103.87 1.34949,103.871 1.34907,103.872 1.34827,103.872 1.34618,103.871 1.34411,103.871 1.34339,103.871 1.34278,103.871 1.33939,103.87 1.33623,103.87 1.33563,103.87 1.33482,103.87 1.33389,103.87 1.33305,103.87 1.33222,103.869 1.33056,103.869 1.32877,103.869 1.32836,103.868 1.32807,103.868 1.32849,103.866 1.32917,103.864 1.33007,103.864 1.33049,103.864 1.33115))",34.25
36,MACPHERSON,"POLYGON((103.871 1.34349,103.871 1.3435,103.872 1.34363,103.873 1.34377,103.873 1.34371,103.874 1.34364,103.875 1.34369,103.876 1.34431,103.877 1.34436,103.878 1.34388,103.879 1.34313,103.88 1.34253,103.882 1.34156,103.883 1.33946,103.884 1.338,103.885 1.33782,103.887 1.33808,103.888 1.3358,103.888 1.33508,103.889 1.33351,103.889 1.33239,103.887 1.33172,103.886 1.33117,103.885 1.33064,103.885 1.32767,103.88 1.32772,103.879 1.3321,103.879 1.33204,103.879 1.33263,103.878 1.33385,103.878 1.33518,103.878 1.3352,103.878 1.33523,103.878 1.33634,103.878 1.33672,103.878 1.33683,103.877 1.33701,103.875 1.33911,103.874 1.33948,103.871 1.3394,103.871 1.34349))",15.75
38,ALJUNIED/GEYLANG,"POLYGON((103.879 1.33204,103.879 1.3321,103.88 1.32773,103.88 1.32727,103.884 1.32713,103.885 1.32683,103.884 1.32484,103.884 1.32212,103.886 1.32236,103.889 1.3225,103.891 1.32301,103.891 1.32283,103.891 1.32182,103.891 1.32129,103.892 1.31767,103.892 1.31685,103.892 1.31638,103.892 1.31516,103.892 1.31502,103.891 1.31486,103.89 1.31466,103.888 1.31434,103.887 1.31408,103.884 1.31353,103.883 1.31337,103.882 1.31312,103.881 1.31299,103.88 1.31278,103.879 1.31266,103.877 1.3122,103.877 1.31202,103.875 1.31153,103.875 1.31129,103.873 1.3105,103.872 1.3099,103.871 1.30973,103.871 1.30974,103.87 1.31059,103.869 1.31219,103.869 1.31515,103.872 1.31747,103.872 1.31789,103.872 1.31882,103.873 1.31917,103.873 1.31942,103.875 1.31946,103.875 1.32018,103.876 1.3206,103.881 1.32268,103.881 1.32418,103.881 1.32523,103.881 1.32616,103.88 1.32696,103.88 1.32775,103.879 1.33126,103.879 1.33204))",115.5
39,MOUNTBATTEEN,"POLYGON((103.892 1.31516,103.894 1.31546,103.894 1.31436,103.894 1.3142,103.894 1.31416,103.894 1.31403,103.894 1.31402,103.894 1.31389,103.893 1.31388,103.892 1.31379,103.892 1.31351,103.892 1.31264,103.892 1.31263,103.891 1.31236,103.89 1.31211,103.889 1.31184,103.89 1.30827,103.878 1.29986,103.875 1.2983,103.873 1.30039,103.868 1.30551,103.871 1.30815,103.871 1.30972,103.871 1.30974,103.871 1.30973,103.872 1.3099,103.873 1.3105,103.875 1.31129,103.875 1.3113,103.875 1.31153,103.877 1.31202,103.877 1.3122,103.877 1.3122,103.879 1.31266,103.88 1.31278,103.881 1.31299,103.882 1.31312,103.883 1.31337,103.884 1.31353,103.887 1.31408,103.888 1.31434,103.89 1.31466,103.891 1.31486,103.892 1.31502,103.892 1.31516))",133
40,EUNOS,"POLYGON((103.893 1.33514,103.894 1.33583,103.896 1.33723,103.896 1.33778,103.897 1.33705,103.899 1.33468,103.903 1.33142,103.905 1.32954,103.905 1.32873,103.906 1.32775,103.906 1.32728,103.906 1.32667,103.906 1.3261,103.906 1.32565,103.906 1.32473,103.905 1.32276,103.905 1.32162,103.905 1.32082,103.905 1.31916,103.905 1.31831,103.905 1.3178,103.904 1.3176,103.898 1.31667,103.898 1.31648,103.898 1.31623,103.897 1.31602,103.895 1.31559,103.894 1.31546,103.892 1.31516,103.892 1.31638,103.892 1.31685,103.892 1.31767,103.891 1.32129,103.891 1.32182,103.891 1.32282,103.891 1.32292,103.891 1.32301,103.891 1.32301,103.891 1.32421,103.891 1.32561,103.89 1.32649,103.89 1.32786,103.89 1.33016,103.889 1.33239,103.889 1.33351,103.89 1.33389,103.892 1.33434,103.892 1.33478,103.893 1.33514))",79
41,KEMBANGAN,"POLYGON((103.919 1.33143,103.919 1.33156,103.919 1.33065,103.919 1.32824,103.92 1.32607,103.92 1.32526,103.92 1.32418,103.92 1.3227,103.92 1.32196,103.92 1.32108,103.92 1.32077,103.918 1.32005,103.916 1.31965,103.913 1.31877,103.909 1.31808,103.908 1.31755,103.903 1.31686,103.901 1.31649,103.898 1.31579,103.898 1.31648,103.898 1.31667,103.904 1.3176,103.905 1.3178,103.905 1.31831,103.905 1.31917,103.905 1.3197,103.905 1.32082,103.905 1.32162,103.905 1.32278,103.906 1.32473,103.906 1.32565,103.906 1.3261,103.906 1.32667,103.906 1.32728,103.906 1.32775,103.905 1.32873,103.905 1.32954,103.903 1.33142,103.899 1.33469,103.897 1.33705,103.896 1.33778,103.897 1.33829,103.898 1.34033,103.899 1.3406,103.9 1.34089,103.901 1.34078,103.903 1.34029,103.903 1.34038,103.905 1.3434,103.905 1.3436,103.907 1.34447,103.908 1.34537,103.909 1.34848,103.91 1.34919,103.91 1.34931,103.912 1.34888,103.913 1.34926,103.913 1.35006,103.913 1.35154,103.913 1.35244,103.915 1.35393,103.919 1.35344,103.92 1.35368,103.923 1.3548,103.925 1.35728,103.925 1.35743,103.926 1.35715,103.926 1.3544,103.926 1.35308,103.926 1.34769,103.924 1.3473,103.922 1.3469,103.921 1.34634,103.919 1.34548,103.919 1.34548,103.918 1.34351,103.918 1.34117,103.917 1.33957,103.915 1.33656,103.914 1.33547,103.914 1.33336,103.913 1.33273,103.912 1.33186,103.911 1.33121,103.911 1.32961,103.912 1.32814,103.912 1.32814,103.913 1.3288,103.919 1.33143))",116.5
42,TELOK KURAU/JOO CHIAT,"POLYGON((103.916 1.30712,103.913 1.30638,103.91 1.30562,103.908 1.30467,103.907 1.30364,103.905 1.30256,103.903 1.30135,103.902 1.30433,103.9 1.30777,103.899 1.30892,103.897 1.31469,103.897 1.31602,103.898 1.31623,103.898 1.31579,103.901 1.31649,103.905 1.31716,103.908 1.31755,103.909 1.31808,103.913 1.31877,103.914 1.3182,103.914 1.31683,103.916 1.31366,103.916 1.31255,103.919 1.30752,103.916 1.30712))",55
43,TANJONG KATONG,"POLYGON((103.871 1.30205,103.873 1.30039,103.875 1.2983,103.878 1.29986,103.89 1.30827,103.889 1.31184,103.89 1.31211,103.891 1.31236,103.892 1.31263,103.892 1.31264,103.892 1.31351,103.892 1.31379,103.893 1.31388,103.894 1.31389,103.894 1.31402,103.894 1.31403,103.894 1.31416,103.894 1.3142,103.894 1.31436,103.894 1.31546,103.895 1.31559,103.897 1.31602,103.897 1.31469,103.899 1.30892,103.9 1.30777,103.902 1.30433,103.903 1.30135,103.901 1.30038,103.901 1.29993,103.901 1.29912,103.901 1.29612,103.897 1.29527,103.893 1.29513,103.891 1.2953,103.889 1.29526,103.883 1.29566,103.877 1.29551,103.875 1.29543,103.874 1.29523,103.87 1.2951,103.867 1.2944,103.867 1.29839,103.871 1.30205))",60.5
44,MARINE PARADE,"POLYGON((103.928 1.30951,103.929 1.30966,103.932 1.31068,103.934 1.31154,103.935 1.31161,103.936 1.31192,103.937 1.31214,103.937 1.31038,103.938 1.30706,103.939 1.30617,103.935 1.30467,103.913 1.29892,103.905 1.2969,103.905 1.29533,103.904 1.29643,103.902 1.29605,103.901 1.29612,103.901 1.29912,103.901 1.29993,103.901 1.30038,103.903 1.30135,103.905 1.30256,103.907 1.30364,103.908 1.30467,103.91 1.30562,103.913 1.30638,103.916 1.30712,103.919 1.30752,103.921 1.30793,103.923 1.30848,103.924 1.30861,103.926 1.30911,103.927 1.30929,103.928 1.30946,103.928 1.30951))",77
45,SIGLAP,"POLYGON((103.913 1.31877,103.918 1.32005,103.92 1.32077,103.92 1.32108,103.924 1.32215,103.925 1.3228,103.926 1.32296,103.927 1.32279,103.927 1.32226,103.928 1.31992,103.929 1.31694,103.929 1.3168,103.931 1.31639,103.932 1.31584,103.932 1.31453,103.933 1.31458,103.933 1.3144,103.934 1.31411,103.934 1.31154,103.932 1.31068,103.929 1.30966,103.928 1.30946,103.927 1.30929,103.926 1.30911,103.924 1.30861,103.923 1.30848,103.921 1.30793,103.919 1.30752,103.916 1.31255,103.916 1.31366,103.914 1.31683,103.914 1.3182,103.913 1.31877))",18.75
46,BEDOK,"POLYGON((103.927 1.32279,103.926 1.32296,103.925 1.3228,103.924 1.32215,103.92 1.32108,103.92 1.32196,103.92 1.3227,103.92 1.32418,103.92 1.32526,103.92 1.32607,103.919 1.32824,103.919 1.33065,103.919 1.33156,103.919 1.33163,103.921 1.3323,103.923 1.33368,103.923 1.3337,103.925 1.33431,103.925 1.33433,103.928 1.33516,103.93 1.33527,103.932 1.33509,103.936 1.33453,103.939 1.3344,103.94 1.335,103.941 1.33562,103.942 1.33707,103.944 1.33569,103.944 1.33511,103.944 1.33384,103.943 1.3329,103.943 1.33282,103.943 1.33261,103.943 1.33215,103.943 1.33176,103.943 1.33141,103.943 1.33088,103.943 1.33055,103.943 1.32994,103.944 1.32983,103.945 1.3302,103.946 1.33065,103.947 1.33182,103.947 1.3321,103.947 1.33193,103.948 1.33124,103.948 1.33055,103.948 1.33031,103.949 1.33006,103.95 1.32884,103.95 1.32863,103.95 1.32769,103.951 1.32714,103.951 1.3268,103.952 1.32551,103.954 1.32343,103.955 1.32218,103.955 1.32201,103.955 1.32167,103.956 1.32102,103.957 1.31878,103.959 1.3161,103.962 1.3129,103.956 1.31055,103.939 1.30617,103.938 1.30706,103.937 1.31038,103.937 1.31214,103.936 1.31192,103.935 1.31161,103.934 1.31154,103.934 1.31411,103.933 1.3144,103.933 1.31458,103.932 1.31453,103.932 1.31584,103.931 1.31639,103.929 1.3168,103.929 1.31681,103.929 1.31694,103.928 1.31992,103.928 1.31993,103.927 1.32226,103.927 1.32279))",405.75
47,BEDOK RESERVOIR,"POLYGON((103.919 1.34465,103.919 1.34465,103.919 1.34484,103.919 1.34547,103.921 1.34619,103.922 1.3469,103.924 1.3473,103.926 1.34769,103.926 1.34743,103.928 1.34676,103.929 1.34584,103.935 1.34404,103.939 1.34406,103.939 1.34361,103.938 1.34133,103.936 1.3385,103.935 1.33725,103.936 1.33536,103.936 1.33453,103.932 1.33509,103.93 1.33527,103.928 1.33516,103.925 1.33433,103.923 1.33368,103.921 1.3323,103.919 1.33163,103.913 1.3288,103.912 1.32814,103.912 1.32814,103.912 1.32814,103.911 1.32899,103.911 1.32961,103.911 1.32961,103.911 1.32962,103.911 1.33062,103.911 1.33121,103.912 1.33186,103.913 1.33273,103.914 1.33336,103.914 1.33535,103.914 1.33546,103.914 1.33547,103.915 1.33656,103.917 1.33917,103.918 1.34117,103.918 1.34351,103.919 1.34464,103.919 1.34465))",76.25
48,EAST COAST PARK/UPPER CHANGI,"POLYGON((103.943 1.33261,103.943 1.33282,103.943 1.3329,103.944 1.33384,103.944 1.33511,103.944 1.33569,103.942 1.33707,103.944 1.33879,103.947 1.34038,103.953 1.33388,103.953 1.33374,103.955 1.33207,103.955 1.33257,103.953 1.33481,103.952 1.33597,103.951 1.33719,103.95 1.33814,103.95 1.33852,103.951 1.33893,103.953 1.34042,103.957 1.34376,103.958 1.34466,103.958 1.34544,103.958 1.34711,103.959 1.3481,103.959 1.349,103.959 1.34939,103.96 1.34972,103.963 1.3501,103.964 1.35272,103.965 1.35287,103.966 1.3532,103.966 1.35321,103.967 1.35097,103.968 1.34878,103.968 1.34873,103.969 1.34835,103.97 1.34753,103.972 1.34686,103.974 1.34521,103.972 1.34185,103.972 1.3415,103.972 1.34072,103.973 1.34022,103.973 1.34019,103.978 1.33798,103.979 1.33778,103.979 1.3378,103.98 1.33792,103.98 1.3383,103.983 1.34389,103.983 1.34412,103.984 1.34401,103.984 1.34364,103.984 1.34316,103.982 1.33806,103.98 1.33507,103.978 1.3319,103.976 1.32906,103.976 1.32844,103.976 1.32696,103.976 1.32623,103.976 1.32439,103.976 1.32187,103.975 1.31596,103.962 1.3129,103.959 1.3161,103.957 1.31878,103.956 1.32102,103.955 1.32167,103.955 1.32201,103.955 1.32218,103.954 1.32343,103.952 1.32551,103.951 1.3268,103.951 1.32714,103.95 1.32769,103.95 1.32863,103.95 1.32884,103.949 1.33006,103.948 1.33031,103.948 1.33055,103.948 1.33124,103.947 1.33193,103.947 1.3321,103.947 1.33182,103.946 1.33065,103.945 1.3302,103.944 1.32983,103.943 1.32994,103.943 1.33055,103.943 1.33088,103.943 1.33141,103.943 1.33176,103.943 1.33215,103.943 1.33261))",54.5
49,CHANGI POINT,"POLYGON((103.974 1.36272,103.974 1.363,103.974 1.36325,103.975 1.36379,103.976 1.36631,103.976 1.36681,103.976 1.36682,103.976 1.36741,103.978 1.36848,103.979 1.36962,103.979 1.36963,103.98 1.37022,103.981 1.37011,103.981 1.37013,103.982 1.37029,103.983 1.37115,103.987 1.37591,103.987 1.37717,103.987 1.37794,103.987 1.37833,103.988 1.37857,103.988 1.3788,103.988 1.3791,103.988 1.37919,103.988 1.37944,103.988 1.3804,103.987 1.38347,103.987 1.38754,103.987 1.38878,103.987 1.38963,103.987 1.39037,103.987 1.39039,103.987 1.39199,103.987 1.39257,103.986 1.39304,103.986 1.39365,103.993 1.39135,103.992 1.3897,103.992 1.38907,103.991 1.3892,103.991 1.38903,103.991 1.38756,103.99 1.38335,103.99 1.38334,103.989 1.38219,103.989 1.38114,103.989 1.38089,103.989 1.38063,103.989 1.38057,103.989 1.38024,103.989 1.38004,103.989 1.37969,103.989 1.37951,103.989 1.37924,103.988 1.37889,103.987 1.37541,103.985 1.36961,103.983 1.36556,103.982 1.36362,103.982 1.36326,103.982 1.36325,103.982 1.36304,103.981 1.36264,103.981 1.36261,103.981 1.36245,103.981 1.36202,103.981 1.36195,103.98 1.35929,103.98 1.35924,103.974 1.34521,103.972 1.34686,103.97 1.34753,103.969 1.34835,103.968 1.34873,103.968 1.34878,103.967 1.35097,103.966 1.35321,103.967 1.35367,103.968 1.35392,103.968 1.35395,103.969 1.35423,103.969 1.35515,103.969 1.35519,103.969 1.35741,103.97 1.35861,103.97 1.35954,103.97 1.36013,103.971 1.3606,103.972 1.36159,103.974 1.3627,103.974 1.36272))",9.25
50,LOYANG,"POLYGON((103.973 1.38837,103.973 1.389,103.974 1.39093,103.977 1.39269,103.98 1.3932,103.982 1.39343,103.983 1.39275,103.984 1.39257,103.985 1.39289,103.986 1.39227,103.987 1.39202,103.987 1.39199,103.987 1.39037,103.987 1.38963,103.987 1.38878,103.987 1.38754,103.987 1.38347,103.988 1.3804,103.988 1.37944,103.988 1.37919,103.988 1.3791,103.988 1.3788,103.988 1.37857,103.987 1.37833,103.987 1.37794,103.987 1.37717,103.987 1.37591,103.983 1.37115,103.982 1.37029,103.981 1.37013,103.981 1.37011,103.98 1.37022,103.979 1.36963,103.978 1.36848,103.976 1.36741,103.976 1.36682,103.976 1.36631,103.975 1.36379,103.974 1.36325,103.974 1.363,103.974 1.3627,103.972 1.36159,103.971 1.3606,103.97 1.36013,103.97 1.35954,103.97 1.35861,103.969 1.35741,103.969 1.35519,103.969 1.35515,103.969 1.35423,103.968 1.35395,103.968 1.35392,103.967 1.35367,103.966 1.35321,103.966 1.3532,103.965 1.35287,103.964 1.35272,103.963 1.35765,103.961 1.36009,103.961 1.36029,103.977 1.37674,103.978 1.37763,103.978 1.37884,103.978 1.38105,103.977 1.38434,103.973 1.38837))",38.75
51,PASIR RIS,"POLYGON((103.935 1.37111,103.932 1.3703,103.932 1.36993,103.932 1.36987,103.93 1.36888,103.93 1.36878,103.93 1.36874,103.93 1.36834,103.929 1.36784,103.929 1.36781,103.928 1.36763,103.928 1.36745,103.928 1.36736,103.927 1.36736,103.927 1.36735,103.927 1.36735,103.927 1.36738,103.926 1.36741,103.926 1.36751,103.925 1.36775,103.925 1.36803,103.924 1.36875,103.924 1.36916,103.923 1.37036,103.921 1.37154,103.921 1.37171,103.921 1.37172,103.921 1.37177,103.921 1.37218,103.921 1.37232,103.921 1.37241,103.92 1.37327,103.92 1.37381,103.92 1.37586,103.92 1.37658,103.922 1.38154,103.923 1.38224,103.928 1.38858,103.93 1.39182,103.935 1.39645,103.935 1.39542,103.937 1.39136,103.939 1.39004,103.941 1.38891,103.944 1.38721,103.946 1.38532,103.949 1.38353,103.953 1.38262,103.954 1.38205,103.953 1.36551,103.952 1.36594,103.949 1.3667,103.948 1.36692,103.946 1.36735,103.946 1.36751,103.945 1.36784,103.945 1.36803,103.944 1.36821,103.942 1.37035,103.94 1.37109,103.94 1.37124,103.938 1.37126,103.936 1.37117,103.935 1.37111))",132.5
71,LIM CHU KANG,"POLYGON((103.728 1.41364,103.713 1.41304,103.711 1.41169,103.71 1.4128,103.709 1.41373,103.708 1.41385,103.707 1.41287,103.705 1.4119,103.705 1.41233,103.705 1.41337,103.704 1.41482,103.702 1.4184,103.701 1.41897,103.7 1.41917,103.697 1.41909,103.695 1.42066,103.694 1.42058,103.694 1.42019,103.694 1.41813,103.693 1.41752,103.691 1.41726,103.69 1.4175,103.689 1.41818,103.686 1.42039,103.685 1.4208,103.683 1.42197,103.683 1.42253,103.682 1.42361,103.682 1.42419,103.682 1.4251,103.683 1.42801,103.683 1.42903,103.683 1.42967,103.682 1.43061,103.683 1.43141,103.69 1.4339,103.696 1.43806,103.704 1.44404,103.708 1.44699,103.713 1.45023,103.72 1.4518,103.725 1.45175,103.73 1.45059,103.738 1.44223,103.739 1.44004,103.743 1.44,103.741 1.43366,103.736 1.42101,103.736 1.421,103.728 1.41364))",#N/A
72,SUNGEI KADUT,"POLYGON((103.787 1.39712,103.782 1.39652,103.778 1.3961,103.778 1.3961,103.778 1.39622,103.778 1.39624,103.778 1.39683,103.778 1.39938,103.778 1.39942,103.777 1.4001,103.777 1.40065,103.777 1.40194,103.776 1.40228,103.775 1.40249,103.774 1.40258,103.773 1.40237,103.772 1.40207,103.772 1.40051,103.772 1.40048,103.772 1.39978,103.769 1.39897,103.768 1.39845,103.767 1.39792,103.765 1.3979,103.764 1.39819,103.762 1.39807,103.76 1.3969,103.759 1.39697,103.758 1.39783,103.757 1.39805,103.756 1.39915,103.756 1.39921,103.755 1.39906,103.755 1.39827,103.754 1.39671,103.753 1.39523,103.753 1.394,103.754 1.39155,103.755 1.38895,103.757 1.38646,103.757 1.38643,103.756 1.38617,103.754 1.38493,103.753 1.38432,103.752 1.38437,103.751 1.38472,103.75 1.38528,103.749 1.38636,103.747 1.38671,103.746 1.38667,103.744 1.3863,103.742 1.38527,103.74 1.38509,103.739 1.38534,103.738 1.38603,103.737 1.38715,103.736 1.38758,103.736 1.38791,103.736 1.38865,103.737 1.38911,103.736 1.38936,103.734 1.38993,103.728 1.41353,103.728 1.41359,103.728 1.41364,103.736 1.421,103.736 1.42101,103.741 1.43366,103.743 1.44,103.743 1.44038,103.744 1.44034,103.745 1.44016,103.746 1.43958,103.747 1.43928,103.747 1.43876,103.749 1.43742,103.75 1.43746,103.751 1.43773,103.752 1.43762,103.753 1.43806,103.753 1.4373,103.753 1.43673,103.753 1.43516,103.753 1.43491,103.752 1.43109,103.753 1.42546,103.755 1.41537,103.755 1.41255,103.755 1.41209,103.756 1.41155,103.757 1.41178,103.759 1.41194,103.76 1.41183,103.762 1.41131,103.763 1.41082,103.764 1.41062,103.764 1.41062,103.765 1.41044,103.765 1.41044,103.767 1.41024,103.769 1.41026,103.77 1.41006,103.771 1.41011,103.772 1.41009,103.772 1.41011,103.772 1.4101,103.773 1.41008,103.775 1.41056,103.776 1.41079,103.776 1.41079,103.778 1.41071,103.78 1.41074,103.78 1.41074,103.782 1.41072,103.783 1.41079,103.784 1.41095,103.785 1.41141,103.786 1.41175,103.786 1.41176,103.787 1.41201,103.788 1.41244,103.789 1.41154,103.79 1.41034,103.793 1.40838,103.795 1.40773,103.796 1.40709,103.799 1.40546,103.8 1.40397,103.8 1.4031,103.799 1.40249,103.798 1.4013,103.793 1.39885,103.79 1.39768,103.787 1.39712))",91
73,WOODLANDS/KRANJI,"POLYGON((103.753 1.42546,103.752 1.43109,103.753 1.43491,103.753 1.43516,103.753 1.43673,103.753 1.4373,103.753 1.43806,103.755 1.43936,103.759 1.43875,103.762 1.43957,103.765 1.44398,103.766 1.44458,103.767 1.44642,103.768 1.44741,103.769 1.44797,103.771 1.44849,103.772 1.43566,103.772 1.43484,103.772 1.43239,103.771 1.42498,103.772 1.4101,103.772 1.41011,103.772 1.41009,103.771 1.41011,103.77 1.41006,103.769 1.41026,103.767 1.41024,103.765 1.41044,103.764 1.41062,103.763 1.41082,103.762 1.41131,103.76 1.41183,103.759 1.41194,103.757 1.41178,103.756 1.41155,103.755 1.41209,103.755 1.41255,103.755 1.41537,103.753 1.42546))",85.5
52,TAMPINES/SIMEI,"POLYGON((103.932 1.36993,103.932 1.37014,103.932 1.37028,103.935 1.37111,103.936 1.37117,103.938 1.37126,103.94 1.37124,103.94 1.37109,103.942 1.37035,103.944 1.36821,103.945 1.36784,103.946 1.36751,103.946 1.36735,103.948 1.36692,103.952 1.36594,103.953 1.36551,103.953 1.36552,103.953 1.36546,103.956 1.36452,103.96 1.36183,103.961 1.36009,103.963 1.35765,103.964 1.35272,103.963 1.3501,103.96 1.34972,103.959 1.34939,103.959 1.349,103.959 1.3481,103.958 1.34711,103.958 1.34544,103.958 1.34466,103.957 1.34376,103.953 1.34042,103.951 1.33893,103.95 1.33852,103.95 1.33814,103.951 1.33719,103.952 1.33597,103.953 1.33481,103.955 1.33257,103.955 1.33207,103.954 1.33264,103.953 1.33388,103.947 1.34038,103.944 1.33879,103.942 1.33707,103.941 1.33562,103.94 1.335,103.939 1.3344,103.936 1.33453,103.936 1.33536,103.935 1.33725,103.936 1.3385,103.938 1.34133,103.939 1.34361,103.939 1.34406,103.935 1.34404,103.932 1.34468,103.929 1.34582,103.928 1.34676,103.926 1.34742,103.926 1.34742,103.926 1.34743,103.926 1.34769,103.926 1.35308,103.926 1.3544,103.926 1.35715,103.925 1.35743,103.925 1.35728,103.923 1.3548,103.92 1.35368,103.92 1.35367,103.92 1.35364,103.919 1.35344,103.915 1.35389,103.913 1.35244,103.913 1.35246,103.912 1.35213,103.911 1.35205,103.911 1.35212,103.909 1.35249,103.909 1.35252,103.909 1.35302,103.911 1.35776,103.913 1.36006,103.913 1.3611,103.914 1.36351,103.915 1.36537,103.916 1.36815,103.918 1.36975,103.919 1.37178,103.92 1.37344,103.92 1.37538,103.92 1.37553,103.92 1.37586,103.92 1.37381,103.92 1.37327,103.921 1.37241,103.921 1.37177,103.921 1.37154,103.923 1.37036,103.924 1.36916,103.925 1.36803,103.925 1.36775,103.926 1.36741,103.927 1.36738,103.927 1.36735,103.928 1.36736,103.928 1.36745,103.928 1.36763,103.929 1.36784,103.93 1.36834,103.93 1.36874,103.93 1.36888,103.932 1.36987,103.932 1.36993))",731.5
53,HOUGANG,"POLYGON((103.913 1.34926,103.913 1.34924,103.912 1.34888,103.91 1.34931,103.91 1.34919,103.909 1.34848,103.908 1.34537,103.907 1.34447,103.905 1.3436,103.905 1.3434,103.903 1.34038,103.903 1.34038,103.903 1.34029,103.901 1.34078,103.9 1.34089,103.899 1.34061,103.899 1.3406,103.898 1.34033,103.897 1.33829,103.896 1.33778,103.896 1.33723,103.894 1.33583,103.893 1.33514,103.892 1.33478,103.892 1.33475,103.892 1.33435,103.892 1.33434,103.891 1.33397,103.89 1.33389,103.889 1.33351,103.888 1.33508,103.888 1.33539,103.888 1.3358,103.887 1.33808,103.885 1.33782,103.884 1.338,103.883 1.33946,103.882 1.34156,103.88 1.34253,103.879 1.34313,103.878 1.34388,103.877 1.34436,103.876 1.34431,103.875 1.34369,103.874 1.34364,103.873 1.3437,103.873 1.34371,103.873 1.34377,103.872 1.34363,103.871 1.3435,103.871 1.34349,103.871 1.34339,103.871 1.34411,103.872 1.34618,103.872 1.34827,103.873 1.34947,103.873 1.35229,103.873 1.35453,103.874 1.35649,103.874 1.35684,103.874 1.35774,103.874 1.35783,103.874 1.35912,103.874 1.35935,103.873 1.36239,103.874 1.36368,103.876 1.36686,103.876 1.3672,103.877 1.36969,103.879 1.3695,103.88 1.36934,103.885 1.3682,103.887 1.36785,103.889 1.3672,103.889 1.36719,103.892 1.36649,103.893 1.36785,103.895 1.36935,103.897 1.37174,103.899 1.37359,103.898 1.37478,103.897 1.37523,103.896 1.37373,103.896 1.37319,103.894 1.37246,103.893 1.3723,103.892 1.37209,103.891 1.37157,103.89 1.37076,103.889 1.37027,103.886 1.37028,103.885 1.3701,103.885 1.37032,103.883 1.37049,103.882 1.37076,103.882 1.37138,103.882 1.37218,103.882 1.37363,103.883 1.37639,103.884 1.37773,103.885 1.37806,103.887 1.3782,103.889 1.37802,103.89 1.37817,103.893 1.37812,103.896 1.37828,103.898 1.37855,103.9 1.37835,103.902 1.37854,103.905 1.37801,103.904 1.38311,103.904 1.38343,103.904 1.38375,103.905 1.38483,103.906 1.38517,103.906 1.38527,103.908 1.38582,103.91 1.38615,103.912 1.38561,103.913 1.3857,103.914 1.38615,103.914 1.38673,103.914 1.38673,103.915 1.38895,103.916 1.39066,103.915 1.38922,103.916 1.39028,103.917 1.39164,103.917 1.3919,103.917 1.39199,103.921 1.39612,103.921 1.39625,103.924 1.39854,103.928 1.40094,103.933 1.39886,103.935 1.39645,103.93 1.39182,103.928 1.38858,103.923 1.38224,103.922 1.38154,103.92 1.37658,103.92 1.37586,103.92 1.37553,103.92 1.37538,103.92 1.37344,103.919 1.37178,103.918 1.36975,103.916 1.36815,103.915 1.36537,103.914 1.36351,103.913 1.3611,103.913 1.36006,103.911 1.35776,103.909 1.35302,103.909 1.35252,103.909 1.35249,103.911 1.35212,103.912 1.35213,103.913 1.35246,103.913 1.35244,103.913 1.35154,103.913 1.35006,103.913 1.34926,103.913 1.34926))",278
54,BUANGKOK/PONGGOL,"POLYGON((103.914 1.38673,103.914 1.38615,103.913 1.3857,103.912 1.38561,103.91 1.38615,103.908 1.38582,103.906 1.38527,103.905 1.38483,103.904 1.38375,103.904 1.38311,103.905 1.37801,103.902 1.37854,103.9 1.37835,103.898 1.37855,103.896 1.37828,103.893 1.37812,103.89 1.37817,103.889 1.37802,103.887 1.3782,103.885 1.37806,103.885 1.37806,103.884 1.37773,103.883 1.37639,103.882 1.37363,103.882 1.37218,103.882 1.37138,103.882 1.37076,103.883 1.37049,103.885 1.37032,103.885 1.3701,103.886 1.37028,103.889 1.37027,103.89 1.37076,103.891 1.37157,103.892 1.37209,103.893 1.3723,103.894 1.37246,103.896 1.37319,103.896 1.37373,103.897 1.37523,103.898 1.37479,103.898 1.37478,103.899 1.37359,103.897 1.37174,103.895 1.36935,103.893 1.36785,103.892 1.36649,103.889 1.36719,103.889 1.3672,103.887 1.36785,103.885 1.3682,103.88 1.36934,103.879 1.3695,103.879 1.3695,103.877 1.36969,103.877 1.37053,103.877 1.37157,103.877 1.37497,103.877 1.37698,103.877 1.37895,103.877 1.38045,103.877 1.38287,103.877 1.38288,103.877 1.38347,103.877 1.38348,103.877 1.38383,103.877 1.38415,103.878 1.3844,103.879 1.38529,103.879 1.3853,103.881 1.38613,103.881 1.3867,103.88 1.38762,103.88 1.38877,103.881 1.38974,103.881 1.39066,103.881 1.39067,103.888 1.40155,103.896 1.40068,103.9 1.39949,103.904 1.39701,103.907 1.39446,103.91 1.39101,103.914 1.38673))",353.5
55,SERANGOON NORTH,"POLYGON((103.858 1.36041,103.858 1.36139,103.861 1.36761,103.862 1.36902,103.866 1.37152,103.867 1.37276,103.867 1.37429,103.869 1.37564,103.869 1.37614,103.872 1.37662,103.872 1.37648,103.874 1.3768,103.877 1.37895,103.877 1.37698,103.877 1.37497,103.877 1.37157,103.877 1.37053,103.877 1.36969,103.876 1.36869,103.876 1.36797,103.876 1.36797,103.876 1.3672,103.876 1.36686,103.874 1.36368,103.873 1.36239,103.874 1.35935,103.874 1.35912,103.874 1.35783,103.874 1.35776,103.874 1.35774,103.874 1.35684,103.874 1.35649,103.873 1.35453,103.873 1.35229,103.873 1.34947,103.872 1.34827,103.871 1.34907,103.87 1.34949,103.869 1.34955,103.867 1.35038,103.865 1.35073,103.864 1.35128,103.863 1.35149,103.863 1.35144,103.863 1.35127,103.862 1.35031,103.861 1.3493,103.861 1.3489,103.861 1.34718,103.861 1.34348,103.861 1.34339,103.861 1.34339,103.86 1.34342,103.86 1.3434,103.86 1.3434,103.859 1.34339,103.859 1.34338,103.858 1.34333,103.858 1.34495,103.857 1.3492,103.857 1.34988,103.855 1.35202,103.856 1.35231,103.856 1.35398,103.856 1.35518,103.857 1.35777,103.858 1.36041))",141.25
56,ANG MO KIO,"POLYGON((103.866 1.37152,103.862 1.36902,103.861 1.36761,103.858 1.36139,103.858 1.36041,103.857 1.35777,103.856 1.35518,103.856 1.35398,103.856 1.35231,103.855 1.35202,103.854 1.3542,103.852 1.35624,103.849 1.35865,103.845 1.3623,103.844 1.36289,103.842 1.36318,103.84 1.36335,103.837 1.36402,103.835 1.36497,103.831 1.36737,103.831 1.36843,103.831 1.36926,103.832 1.36942,103.832 1.37001,103.832 1.37062,103.833 1.37112,103.833 1.3716,103.833 1.3723,103.833 1.37436,103.834 1.3759,103.834 1.37613,103.835 1.37681,103.835 1.37684,103.836 1.37798,103.834 1.381,103.835 1.38121,103.835 1.3814,103.835 1.38167,103.836 1.38199,103.837 1.38406,103.839 1.38606,103.843 1.38912,103.845 1.39041,103.846 1.39135,103.848 1.39194,103.849 1.3922,103.85 1.39244,103.85 1.38615,103.85 1.38403,103.849 1.38206,103.848 1.38064,103.848 1.37963,103.848 1.379,103.848 1.37854,103.849 1.37788,103.852 1.37726,103.855 1.37695,103.857 1.37718,103.861 1.37839,103.863 1.37881,103.866 1.37889,103.867 1.3787,103.868 1.37834,103.872 1.37663,103.869 1.37614,103.869 1.37564,103.867 1.37429,103.867 1.37276,103.866 1.37152))",353
57,BISHAN/THOMSON,"POLYGON((103.833 1.3716,103.833 1.37112,103.832 1.37062,103.832 1.37001,103.832 1.36942,103.831 1.36926,103.831 1.36843,103.831 1.36737,103.835 1.36497,103.837 1.36402,103.84 1.36335,103.842 1.36318,103.844 1.36289,103.845 1.3623,103.849 1.35865,103.852 1.35624,103.854 1.3542,103.855 1.35201,103.857 1.34988,103.857 1.3492,103.858 1.34495,103.858 1.34333,103.857 1.3433,103.856 1.3433,103.854 1.34323,103.854 1.34326,103.853 1.34327,103.853 1.3433,103.852 1.34346,103.849 1.34371,103.849 1.34377,103.848 1.34377,103.846 1.34371,103.846 1.34371,103.846 1.34371,103.845 1.34375,103.845 1.3438,103.844 1.34388,103.844 1.34402,103.843 1.34373,103.842 1.34239,103.841 1.34146,103.84 1.34178,103.84 1.34194,103.838 1.34288,103.838 1.34313,103.837 1.3431,103.836 1.34263,103.836 1.34266,103.836 1.3427,103.836 1.3427,103.836 1.34339,103.837 1.34491,103.837 1.34554,103.836 1.3459,103.836 1.34605,103.834 1.34513,103.832 1.34433,103.832 1.34414,103.831 1.34427,103.828 1.34509,103.827 1.34572,103.826 1.34588,103.822 1.34554,103.82 1.34489,103.819 1.34496,103.818 1.34495,103.818 1.3448,103.817 1.34482,103.816 1.34503,103.816 1.3452,103.814 1.34719,103.811 1.3493,103.808 1.3514,103.806 1.35124,103.806 1.35138,103.805 1.35234,103.805 1.35458,103.805 1.35768,103.804 1.36183,103.804 1.36355,103.804 1.36539,103.805 1.36717,103.805 1.36747,103.806 1.36747,103.808 1.36784,103.808 1.36793,103.812 1.37187,103.814 1.37246,103.815 1.37266,103.816 1.37265,103.818 1.37184,103.819 1.37176,103.819 1.37176,103.819 1.37175,103.82 1.37107,103.821 1.37059,103.822 1.37056,103.823 1.37092,103.823 1.37144,103.824 1.37198,103.825 1.37548,103.825 1.37634,103.827 1.37762,103.828 1.37793,103.831 1.38001,103.834 1.38083,103.834 1.381,103.836 1.37798,103.835 1.37681,103.834 1.37613,103.834 1.3759,103.833 1.37436,103.833 1.3723,103.833 1.3716))",120.25
58,UPPER BUKIT TIMAH 11KM,"POLYGON((103.792 1.35019,103.792 1.34962,103.791 1.34697,103.79 1.34486,103.789 1.34334,103.789 1.34103,103.789 1.3389,103.789 1.33691,103.789 1.3357,103.789 1.33418,103.789 1.33418,103.788 1.33289,103.787 1.33264,103.786 1.33273,103.784 1.33391,103.783 1.33417,103.782 1.3338,103.781 1.3332,103.781 1.3332,103.781 1.33698,103.781 1.33715,103.779 1.33761,103.779 1.33767,103.779 1.33756,103.778 1.3378,103.778 1.33813,103.777 1.33899,103.777 1.33928,103.776 1.34062,103.776 1.34075,103.776 1.34156,103.776 1.34194,103.775 1.34382,103.775 1.34454,103.774 1.34496,103.772 1.34615,103.772 1.34629,103.771 1.34718,103.771 1.34814,103.77 1.34877,103.77 1.34944,103.77 1.35199,103.77 1.35347,103.769 1.35575,103.768 1.35724,103.768 1.35797,103.767 1.35918,103.769 1.35789,103.77 1.35766,103.772 1.35777,103.774 1.35737,103.776 1.3573,103.778 1.35786,103.783 1.36086,103.784 1.36149,103.784 1.36348,103.784 1.36416,103.785 1.36463,103.789 1.36623,103.79 1.36729,103.791 1.37098,103.791 1.37099,103.793 1.37112,103.794 1.3711,103.8 1.36896,103.801 1.36803,103.804 1.36749,103.804 1.36749,103.805 1.36747,103.805 1.36747,103.805 1.36717,103.804 1.36539,103.804 1.36355,103.804 1.36183,103.805 1.35768,103.805 1.35458,103.805 1.35234,103.806 1.35138,103.804 1.35023,103.803 1.34906,103.803 1.34857,103.803 1.34764,103.803 1.34663,103.802 1.34641,103.801 1.34607,103.8 1.34629,103.799 1.3478,103.797 1.34929,103.796 1.34992,103.794 1.35047,103.793 1.35052,103.792 1.35019))",7.25
59,TOH TUCK,"POLYGON((103.765 1.34707,103.765 1.34707,103.765 1.34714,103.765 1.34715,103.767 1.34715,103.767 1.34727,103.768 1.34747,103.77 1.34844,103.77 1.34845,103.77 1.34877,103.771 1.34814,103.771 1.34718,103.772 1.34629,103.772 1.34615,103.774 1.34496,103.775 1.34454,103.775 1.34382,103.776 1.34194,103.776 1.34156,103.776 1.34075,103.776 1.34062,103.777 1.33928,103.777 1.33899,103.778 1.33813,103.778 1.3378,103.779 1.33756,103.779 1.33767,103.779 1.33761,103.781 1.33715,103.781 1.33698,103.781 1.3332,103.781 1.33284,103.781 1.33134,103.781 1.3275,103.781 1.32698,103.78 1.32594,103.779 1.32482,103.781 1.32311,103.781 1.3226,103.781 1.32151,103.78 1.319,103.78 1.31916,103.779 1.31965,103.777 1.31961,103.776 1.31911,103.775 1.31784,103.774 1.31716,103.773 1.31822,103.772 1.3186,103.771 1.31935,103.771 1.32036,103.771 1.32105,103.771 1.32219,103.772 1.32353,103.772 1.32394,103.773 1.32442,103.773 1.32444,103.774 1.32497,103.774 1.32501,103.774 1.32501,103.775 1.32526,103.775 1.32572,103.776 1.32695,103.774 1.32709,103.772 1.3266,103.771 1.32609,103.77 1.32487,103.768 1.32371,103.766 1.32387,103.764 1.32483,103.763 1.32544,103.762 1.32532,103.76 1.32438,103.759 1.32434,103.757 1.32594,103.756 1.32598,103.755 1.32573,103.754 1.3252,103.752 1.32371,103.752 1.32425,103.75 1.32783,103.749 1.33047,103.749 1.33345,103.749 1.33512,103.749 1.33793,103.749 1.33908,103.749 1.34011,103.749 1.34108,103.749 1.34164,103.75 1.34101,103.751 1.34058,103.751 1.34051,103.754 1.33955,103.754 1.33953,103.756 1.33931,103.756 1.33942,103.758 1.33961,103.76 1.34026,103.761 1.34067,103.761 1.34099,103.761 1.34117,103.761 1.34424,103.761 1.34661,103.763 1.34661,103.764 1.34673,103.765 1.34707))",22.75
60,JURONG EAST/PANDAN GARDEN,"POLYGON((103.724 1.30677,103.724 1.30677,103.724 1.30734,103.733 1.32522,103.733 1.32527,103.728 1.34009,103.727 1.34223,103.727 1.34223,103.728 1.34398,103.728 1.35359,103.732 1.35143,103.733 1.3506,103.733 1.3506,103.733 1.3506,103.733 1.35025,103.734 1.34873,103.736 1.34692,103.737 1.34643,103.737 1.34603,103.739 1.34549,103.739 1.34527,103.741 1.34505,103.744 1.34416,103.745 1.34367,103.747 1.34285,103.749 1.34164,103.749 1.34108,103.749 1.34011,103.749 1.33908,103.749 1.33793,103.749 1.33512,103.749 1.33345,103.749 1.33047,103.75 1.32783,103.752 1.32425,103.752 1.32371,103.747 1.31234,103.747 1.31153,103.752 1.30707,103.752 1.30694,103.756 1.29715,103.756 1.2969,103.752 1.2965,103.749 1.29645,103.748 1.29671,103.745 1.29749,103.745 1.29533,103.744 1.29536,103.744 1.29761,103.743 1.29791,103.741 1.29416,103.745 1.29225,103.744 1.29156,103.741 1.29344,103.741 1.29306,103.74 1.29377,103.741 1.29446,103.742 1.29807,103.741 1.29854,103.734 1.30014,103.733 1.29739,103.734 1.29679,103.733 1.29643,103.731 1.29766,103.731 1.29805,103.732 1.29754,103.734 1.30023,103.731 1.30097,103.73 1.30135,103.726 1.30569,103.726 1.3058,103.724 1.30677))",192.25
61,CHINESE GARDEN/TAMAN JURONG,"POLYGON((103.712 1.33889,103.714 1.33923,103.718 1.34268,103.72 1.34358,103.721 1.34387,103.722 1.34396,103.727 1.34223,103.728 1.34009,103.733 1.32527,103.733 1.32522,103.724 1.30677,103.726 1.3058,103.728 1.30168,103.728 1.30097,103.727 1.30047,103.727 1.30028,103.727 1.30026,103.725 1.30141,103.722 1.30285,103.719 1.30566,103.717 1.30683,103.716 1.30782,103.715 1.30823,103.713 1.30841,103.712 1.30836,103.71 1.31486,103.709 1.31606,103.709 1.31709,103.709 1.31724,103.71 1.32071,103.71 1.32207,103.709 1.32397,103.709 1.32535,103.708 1.32871,103.708 1.33018,103.708 1.33086,103.708 1.33227,103.708 1.3343,103.709 1.33759,103.709 1.3398,103.709 1.3407,103.708 1.34273,103.707 1.34509,103.705 1.34722,103.706 1.34761,103.706 1.3472,103.707 1.34577,103.709 1.34226,103.71 1.34145,103.71 1.33967,103.71 1.33932,103.712 1.33889))",76.75
62,GUL,"POLYGON((103.709 1.31709,103.709 1.31606,103.71 1.31486,103.712 1.30836,103.712 1.3072,103.716 1.30584,103.721 1.30204,103.722 1.29901,103.713 1.29892,103.713 1.29183,103.713 1.29175,103.715 1.2913,103.717 1.29156,103.718 1.29204,103.722 1.29141,103.724 1.2901,103.724 1.28954,103.725 1.28932,103.725 1.28866,103.736 1.27814,103.736 1.27775,103.738 1.2763,103.74 1.27351,103.74 1.27222,103.739 1.27142,103.737 1.27044,103.733 1.2691,103.728 1.26603,103.722 1.26085,103.722 1.26081,103.72 1.26074,103.714 1.25884,103.674 1.22203,103.664 1.24149,103.654 1.26375,103.654 1.26512,103.653 1.26617,103.654 1.26706,103.654 1.268,103.654 1.26849,103.655 1.26941,103.656 1.27032,103.656 1.2707,103.675 1.28417,103.675 1.28419,103.676 1.2847,103.676 1.2847,103.679 1.28691,103.684 1.28933,103.685 1.28978,103.686 1.29035,103.687 1.29059,103.69 1.29078,103.706 1.29249,103.707 1.29256,103.707 1.29257,103.708 1.29251,103.709 1.29288,103.709 1.29239,103.711 1.29205,103.711 1.3021,103.71 1.30213,103.71 1.30392,103.711 1.30399,103.711 1.30758,103.709 1.30761,103.709 1.30155,103.707 1.30116,103.706 1.30096,103.702 1.30001,103.7 1.29941,103.696 1.29929,103.679 1.29653,103.675 1.29536,103.676 1.29355,103.673 1.29135,103.672 1.29267,103.665 1.28695,103.66 1.28987,103.655 1.29459,103.653 1.29791,103.651 1.2993,103.649 1.3013,103.647 1.30415,103.648 1.30637,103.648 1.30646,103.656 1.31463,103.656 1.31465,103.658 1.31649,103.658 1.3165,103.66 1.31844,103.663 1.32212,103.663 1.32218,103.664 1.3228,103.664 1.32323,103.664 1.32324,103.666 1.32669,103.667 1.32775,103.671 1.32959,103.672 1.33016,103.676 1.33042,103.676 1.33043,103.678 1.33029,103.68 1.33025,103.686 1.32987,103.687 1.32983,103.687 1.32984,103.688 1.33015,103.688 1.33047,103.691 1.33478,103.692 1.33501,103.692 1.33501,103.695 1.33498,103.704 1.33488,103.708 1.3343,103.708 1.33227,103.708 1.33086,103.708 1.33018,103.708 1.32871,103.709 1.32535,103.709 1.32397,103.71 1.32207,103.71 1.32071,103.709 1.31724,103.709 1.31709))",40.75
63,TUAS,"POLYGON((103.688 1.33015,103.687 1.32984,103.687 1.32983,103.686 1.32987,103.68 1.33025,103.678 1.33029,103.676 1.33043,103.672 1.33016,103.671 1.32959,103.667 1.32775,103.666 1.32669,103.664 1.32323,103.664 1.3228,103.663 1.32218,103.663 1.32212,103.66 1.31844,103.658 1.31649,103.656 1.31465,103.648 1.30646,103.648 1.30637,103.646 1.30409,103.645 1.30389,103.644 1.3072,103.644 1.30878,103.641 1.31151,103.64 1.31122,103.638 1.31304,103.637 1.31402,103.637 1.31527,103.638 1.31625,103.628 1.3246,103.631 1.33555,103.634 1.34491,103.633 1.34778,103.634 1.35115,103.638 1.35275,103.639 1.35696,103.641 1.35924,103.643 1.36099,103.646 1.3656,103.647 1.36867,103.648 1.37121,103.649 1.37365,103.651 1.37517,103.654 1.37727,103.655 1.37941,103.656 1.37921,103.659 1.37923,103.663 1.38064,103.665 1.38069,103.666 1.37984,103.667 1.37909,103.668 1.37692,103.669 1.37637,103.671 1.37523,103.672 1.37446,103.672 1.37382,103.673 1.37239,103.673 1.36996,103.673 1.36881,103.673 1.36589,103.672 1.36255,103.672 1.36004,103.672 1.35905,103.672 1.35849,103.673 1.35782,103.674 1.35712,103.676 1.35655,103.677 1.35655,103.677 1.35678,103.679 1.35784,103.68 1.3598,103.681 1.36202,103.681 1.36319,103.682 1.3659,103.683 1.36669,103.683 1.36697,103.684 1.36668,103.685 1.36513,103.684 1.36237,103.684 1.36123,103.685 1.36088,103.686 1.3611,103.686 1.36151,103.687 1.36244,103.687 1.3656,103.688 1.36649,103.69 1.36692,103.693 1.36589,103.693 1.36573,103.693 1.36502,103.693 1.36476,103.693 1.36346,103.693 1.36307,103.693 1.36244,103.693 1.3623,103.694 1.36047,103.694 1.35843,103.695 1.35732,103.696 1.35649,103.697 1.35552,103.698 1.35518,103.699 1.35446,103.702 1.35179,103.703 1.35071,103.705 1.34722,103.707 1.34509,103.708 1.34273,103.709 1.3407,103.709 1.33988,103.709 1.3398,103.709 1.3398,103.709 1.33842,103.709 1.33759,103.708 1.3343,103.704 1.33488,103.695 1.33498,103.692 1.33501,103.691 1.33478,103.688 1.33047,103.688 1.33015))",224
64,BOON LAY/JURONG WEST,"POLYGON((103.697 1.35551,103.697 1.35552,103.696 1.35649,103.695 1.35732,103.694 1.35843,103.694 1.36047,103.693 1.3623,103.693 1.36244,103.693 1.36307,103.693 1.36346,103.693 1.36424,103.693 1.36426,103.693 1.36457,103.693 1.36476,103.693 1.36502,103.693 1.36573,103.693 1.36589,103.694 1.37046,103.695 1.37302,103.695 1.37392,103.697 1.37285,103.698 1.37269,103.701 1.37253,103.703 1.37241,103.703 1.37177,103.703 1.37038,103.704 1.3673,103.705 1.36654,103.707 1.36625,103.708 1.36514,103.709 1.3643,103.709 1.36431,103.71 1.36491,103.71 1.36648,103.71 1.3672,103.711 1.36784,103.713 1.36876,103.715 1.36937,103.716 1.37084,103.717 1.37201,103.717 1.37234,103.718 1.37244,103.719 1.37216,103.72 1.37125,103.72 1.37117,103.724 1.36953,103.724 1.369,103.724 1.3682,103.725 1.36801,103.728 1.36707,103.727 1.36589,103.728 1.36451,103.728 1.36401,103.729 1.36375,103.731 1.36214,103.731 1.361,103.731 1.35922,103.731 1.35834,103.731 1.35596,103.731 1.3543,103.731 1.35361,103.731 1.35361,103.733 1.35179,103.733 1.35143,103.733 1.3506,103.732 1.35143,103.728 1.35359,103.728 1.34398,103.727 1.34223,103.727 1.34224,103.722 1.34391,103.718 1.34268,103.715 1.33991,103.714 1.33923,103.712 1.33889,103.71 1.33932,103.71 1.33967,103.71 1.34145,103.709 1.34226,103.707 1.34577,103.706 1.3472,103.706 1.34761,103.705 1.34722,103.703 1.35071,103.702 1.35179,103.699 1.35446,103.698 1.35518,103.697 1.3555,103.697 1.35551))",189.5
65,BUKIT BATOK,"POLYGON((103.754 1.33955,103.751 1.34051,103.751 1.34058,103.75 1.34101,103.749 1.34164,103.747 1.34285,103.745 1.34367,103.744 1.34416,103.741 1.34505,103.739 1.34527,103.739 1.34549,103.737 1.34603,103.737 1.34643,103.736 1.34692,103.734 1.34873,103.733 1.35025,103.733 1.3506,103.733 1.3506,103.733 1.3506,103.733 1.35143,103.733 1.35179,103.731 1.35361,103.731 1.3543,103.731 1.35596,103.731 1.35834,103.731 1.35922,103.731 1.361,103.731 1.36214,103.732 1.36318,103.732 1.36344,103.734 1.36346,103.735 1.3647,103.737 1.36569,103.738 1.3664,103.738 1.36712,103.738 1.36833,103.737 1.37001,103.737 1.37196,103.735 1.37697,103.735 1.37803,103.735 1.37819,103.738 1.37811,103.739 1.37785,103.742 1.37652,103.744 1.37644,103.748 1.37774,103.749 1.3782,103.754 1.37628,103.755 1.37679,103.756 1.37746,103.757 1.3765,103.757 1.37535,103.755 1.37398,103.755 1.37291,103.754 1.37129,103.754 1.37016,103.755 1.36885,103.755 1.36841,103.755 1.36657,103.755 1.36422,103.755 1.36168,103.756 1.35959,103.757 1.35797,103.758 1.35667,103.76 1.35432,103.76 1.35378,103.761 1.35368,103.762 1.35402,103.763 1.35507,103.763 1.35594,103.765 1.35795,103.767 1.35918,103.768 1.35797,103.768 1.35724,103.769 1.35575,103.77 1.35347,103.77 1.35199,103.77 1.34944,103.77 1.34877,103.77 1.34845,103.768 1.34747,103.767 1.34727,103.767 1.34715,103.765 1.34715,103.765 1.34714,103.764 1.34673,103.765 1.34707,103.765 1.34707,103.764 1.34673,103.763 1.34661,103.761 1.34661,103.761 1.34424,103.761 1.34117,103.761 1.34099,103.761 1.34067,103.76 1.34026,103.758 1.33961,103.756 1.33942,103.756 1.33931,103.754 1.33953,103.754 1.33955))",223
66,BUKIT GOMBAK,"POLYGON((103.767 1.36187,103.767 1.36159,103.767 1.36159,103.767 1.36154,103.767 1.36105,103.767 1.3608,103.767 1.35918,103.765 1.35795,103.763 1.35594,103.763 1.35507,103.762 1.35402,103.761 1.35368,103.76 1.35378,103.76 1.35432,103.758 1.35667,103.757 1.35797,103.756 1.35959,103.755 1.36168,103.755 1.36422,103.755 1.36657,103.755 1.36841,103.755 1.36885,103.754 1.37016,103.754 1.37129,103.755 1.37291,103.755 1.37398,103.757 1.37535,103.757 1.3765,103.756 1.37746,103.757 1.37782,103.759 1.37867,103.761 1.37977,103.762 1.37843,103.762 1.37752,103.762 1.37727,103.763 1.37324,103.763 1.37122,103.764 1.37062,103.764 1.3703,103.765 1.36917,103.766 1.36658,103.767 1.36556,103.767 1.36539,103.767 1.36538,103.767 1.36534,103.767 1.36499,103.768 1.36462,103.768 1.36435,103.768 1.3642,103.768 1.36404,103.768 1.36361,103.767 1.36187))",10.75
67,BUKIT PANJANG,"POLYGON((103.778 1.39942,103.778 1.39938,103.778 1.39768,103.777 1.39579,103.777 1.39288,103.778 1.39047,103.778 1.38656,103.779 1.38374,103.78 1.38206,103.781 1.38034,103.781 1.37929,103.784 1.37599,103.782 1.37567,103.78 1.37553,103.776 1.37567,103.775 1.37575,103.775 1.37592,103.766 1.38106,103.765 1.38132,103.764 1.38092,103.761 1.37977,103.76 1.38182,103.76 1.38161,103.759 1.38177,103.758 1.38494,103.757 1.38646,103.755 1.38895,103.754 1.39155,103.753 1.394,103.753 1.39523,103.754 1.39671,103.755 1.39827,103.755 1.39906,103.756 1.39921,103.756 1.39915,103.757 1.39805,103.758 1.39783,103.759 1.39697,103.76 1.3969,103.762 1.39807,103.764 1.39819,103.765 1.3979,103.767 1.39792,103.768 1.39845,103.769 1.39897,103.772 1.39978,103.772 1.40051,103.772 1.40207,103.773 1.40237,103.774 1.40258,103.775 1.40249,103.776 1.40228,103.777 1.40194,103.777 1.40065,103.777 1.4001,103.778 1.39942))",109.75
68,CHOA CHU KANG,"POLYGON((103.748 1.37774,103.744 1.37644,103.742 1.37652,103.739 1.37785,103.735 1.37819,103.735 1.37803,103.732 1.37734,103.732 1.37739,103.732 1.37757,103.732 1.3828,103.732 1.38406,103.733 1.38462,103.733 1.38544,103.734 1.38993,103.736 1.38936,103.737 1.38911,103.736 1.38865,103.736 1.38791,103.736 1.38758,103.737 1.38715,103.738 1.38603,103.739 1.38534,103.74 1.38509,103.742 1.38527,103.744 1.3863,103.746 1.38667,103.747 1.38671,103.749 1.38636,103.75 1.38528,103.751 1.38472,103.752 1.38437,103.753 1.38432,103.754 1.38493,103.756 1.38617,103.757 1.38643,103.758 1.38494,103.759 1.38177,103.76 1.38161,103.76 1.38182,103.761 1.37977,103.759 1.37867,103.757 1.37782,103.756 1.37746,103.755 1.37679,103.754 1.37628,103.749 1.3782,103.748 1.37774))",107.75
69,JALAN BAHAR,"POLYGON((103.684 1.36122,103.684 1.36123,103.684 1.36237,103.685 1.36513,103.684 1.36668,103.683 1.36697,103.683 1.36669,103.682 1.3659,103.681 1.36319,103.681 1.36317,103.681 1.36202,103.68 1.3598,103.679 1.35784,103.677 1.35678,103.677 1.35655,103.676 1.35655,103.674 1.35712,103.674 1.35712,103.673 1.35782,103.672 1.35849,103.672 1.35905,103.672 1.36004,103.672 1.36255,103.673 1.36589,103.673 1.36591,103.673 1.36878,103.673 1.36881,103.673 1.36996,103.673 1.37239,103.672 1.37382,103.672 1.37446,103.671 1.37523,103.669 1.37637,103.668 1.37689,103.668 1.37692,103.667 1.37909,103.667 1.37964,103.67 1.38066,103.672 1.3807,103.675 1.3802,103.678 1.38048,103.678 1.38082,103.679 1.38129,103.679 1.3823,103.679 1.38345,103.679 1.38477,103.679 1.38694,103.679 1.3883,103.679 1.38876,103.679 1.38917,103.68 1.38935,103.68 1.38937,103.682 1.38901,103.684 1.38925,103.685 1.38954,103.688 1.39091,103.691 1.39148,103.693 1.3914,103.693 1.3909,103.694 1.39024,103.694 1.38903,103.694 1.38468,103.694 1.38389,103.695 1.38347,103.696 1.38333,103.697 1.38343,103.698 1.38332,103.699 1.38381,103.699 1.38381,103.699 1.38358,103.703 1.38814,103.703 1.38882,103.703 1.39113,103.703 1.39211,103.703 1.39242,103.704 1.39303,103.706 1.39337,103.707 1.39335,103.708 1.396,103.708 1.39887,103.708 1.40144,103.708 1.40299,103.708 1.40391,103.708 1.40405,103.711 1.40375,103.712 1.40358,103.712 1.4026,103.711 1.40027,103.712 1.39978,103.712 1.39915,103.711 1.39687,103.712 1.39549,103.713 1.39421,103.714 1.39137,103.715 1.39079,103.715 1.39091,103.715 1.39209,103.716 1.39246,103.717 1.39286,103.718 1.39325,103.718 1.39263,103.719 1.39256,103.719 1.39256,103.72 1.39254,103.724 1.39521,103.724 1.39569,103.728 1.41359,103.734 1.38993,103.733 1.38544,103.733 1.38462,103.732 1.38406,103.732 1.3828,103.732 1.37757,103.732 1.37739,103.732 1.37734,103.735 1.37803,103.735 1.37697,103.737 1.37196,103.737 1.37001,103.738 1.36833,103.738 1.36712,103.738 1.3664,103.737 1.3657,103.737 1.36569,103.735 1.3647,103.734 1.36346,103.732 1.36344,103.732 1.36318,103.731 1.36214,103.729 1.36375,103.728 1.36401,103.728 1.36451,103.727 1.36589,103.728 1.36707,103.725 1.36801,103.724 1.3682,103.724 1.369,103.724 1.36953,103.72 1.37117,103.72 1.37125,103.719 1.37216,103.718 1.37244,103.717 1.37234,103.717 1.37234,103.717 1.37201,103.716 1.37084,103.715 1.36937,103.713 1.36876,103.713 1.36875,103.711 1.36784,103.711 1.36783,103.71 1.3672,103.71 1.36648,103.71 1.36491,103.709 1.36431,103.709 1.3643,103.708 1.36514,103.707 1.36625,103.705 1.36654,103.704 1.3673,103.703 1.37038,103.703 1.37177,103.703 1.37241,103.701 1.37253,103.701 1.37253,103.698 1.37269,103.697 1.37285,103.697 1.37285,103.695 1.37392,103.695 1.3731,103.695 1.37302,103.694 1.37048,103.694 1.37046,103.694 1.36757,103.694 1.36755,103.693 1.36589,103.69 1.36692,103.688 1.36649,103.687 1.3656,103.687 1.36244,103.686 1.36151,103.686 1.3611,103.685 1.36088,103.684 1.36122))",4
70,AMA KENG,"POLYGON((103.724 1.39569,103.724 1.39521,103.72 1.39254,103.719 1.39256,103.719 1.39256,103.718 1.39263,103.718 1.39325,103.717 1.39286,103.716 1.39246,103.715 1.39209,103.715 1.39091,103.715 1.39079,103.714 1.39137,103.713 1.39421,103.712 1.39549,103.711 1.39687,103.712 1.39915,103.712 1.39978,103.711 1.40027,103.712 1.4026,103.712 1.40358,103.711 1.40375,103.708 1.40405,103.708 1.40391,103.708 1.40299,103.708 1.40144,103.708 1.39887,103.708 1.396,103.707 1.39335,103.706 1.39337,103.704 1.39303,103.703 1.39242,103.703 1.39211,103.703 1.39113,103.703 1.38882,103.703 1.38814,103.699 1.38358,103.699 1.38381,103.699 1.38381,103.698 1.38332,103.697 1.38343,103.696 1.38333,103.695 1.38347,103.694 1.38389,103.694 1.38468,103.694 1.38903,103.694 1.39024,103.693 1.3909,103.693 1.3909,103.693 1.3914,103.691 1.39148,103.688 1.39091,103.685 1.38954,103.684 1.38925,103.682 1.38901,103.68 1.38937,103.68 1.38935,103.679 1.38917,103.679 1.38876,103.679 1.3883,103.679 1.38694,103.679 1.38477,103.679 1.38345,103.679 1.3823,103.679 1.38129,103.678 1.38082,103.678 1.38048,103.675 1.3802,103.672 1.3807,103.67 1.38066,103.667 1.37964,103.667 1.37964,103.667 1.37909,103.666 1.37984,103.665 1.38069,103.663 1.38064,103.659 1.37923,103.656 1.37921,103.655 1.37941,103.656 1.38205,103.66 1.39085,103.66 1.39456,103.66 1.4,103.662 1.4056,103.664 1.40948,103.669 1.41235,103.671 1.41734,103.673 1.42368,103.674 1.42581,103.677 1.42825,103.678 1.42971,103.679 1.42994,103.681 1.43008,103.682 1.43061,103.683 1.42967,103.683 1.42903,103.683 1.42801,103.682 1.4251,103.682 1.42419,103.682 1.42361,103.683 1.42253,103.683 1.42197,103.685 1.4208,103.686 1.42039,103.689 1.41818,103.69 1.4175,103.691 1.41726,103.693 1.41752,103.694 1.41813,103.694 1.42019,103.694 1.42058,103.695 1.42066,103.697 1.41909,103.7 1.41917,103.701 1.41897,103.702 1.4184,103.704 1.41482,103.705 1.41337,103.705 1.41233,103.705 1.4119,103.707 1.41287,103.708 1.41385,103.709 1.41373,103.71 1.4128,103.711 1.41169,103.713 1.41304,103.728 1.41364,103.728 1.41359,103.724 1.39638,103.724 1.39569))",1.666666667
74,CHANGI POINT,"POLYGON((103.771 1.44849,103.771 1.44894,103.771 1.4489,103.772 1.44802,103.772 1.4479,103.774 1.44948,103.775 1.4501,103.778 1.4512,103.78 1.45145,103.781 1.45151,103.783 1.45118,103.786 1.45035,103.787 1.45007,103.789 1.4492,103.79 1.44898,103.791 1.44918,103.793 1.4498,103.793 1.44984,103.794 1.44939,103.795 1.44816,103.797 1.44214,103.798 1.44095,103.797 1.44036,103.796 1.43938,103.793 1.4383,103.793 1.43779,103.791 1.43624,103.79 1.43503,103.789 1.43341,103.788 1.43235,103.788 1.43208,103.788 1.43161,103.787 1.4299,103.787 1.42869,103.788 1.42771,103.789 1.42693,103.79 1.42592,103.79 1.42401,103.79 1.42279,103.79 1.42149,103.789 1.41974,103.789 1.41716,103.788 1.4146,103.788 1.41244,103.787 1.41201,103.786 1.41175,103.785 1.41141,103.784 1.41095,103.783 1.41079,103.782 1.41072,103.78 1.41074,103.78 1.41074,103.778 1.41071,103.776 1.41079,103.775 1.41056,103.773 1.41008,103.772 1.4101,103.771 1.42498,103.772 1.43239,103.772 1.43484,103.772 1.43566,103.771 1.44849))",173.75
75,ADMIRALTY,"POLYGON((103.813 1.4262,103.813 1.42616,103.811 1.42699,103.809 1.42699,103.808 1.42689,103.806 1.42594,103.805 1.42588,103.805 1.42625,103.802 1.42974,103.802 1.43029,103.801 1.43048,103.8 1.42995,103.799 1.42965,103.798 1.42982,103.797 1.43059,103.797 1.43186,103.796 1.43678,103.796 1.43782,103.796 1.43938,103.797 1.44036,103.798 1.44095,103.797 1.44214,103.795 1.44816,103.794 1.44939,103.793 1.44984,103.793 1.4498,103.791 1.44918,103.791 1.44918,103.79 1.44898,103.789 1.4492,103.787 1.45007,103.786 1.45035,103.783 1.45118,103.781 1.45151,103.78 1.45145,103.778 1.4512,103.775 1.4501,103.774 1.44948,103.772 1.4479,103.772 1.44802,103.771 1.4489,103.773 1.4502,103.775 1.45117,103.777 1.45237,103.777 1.45397,103.779 1.45558,103.779 1.45517,103.778 1.45386,103.779 1.45349,103.781 1.45517,103.795 1.46539,103.803 1.47019,103.808 1.47094,103.812 1.4713,103.816 1.47123,103.813 1.45727,103.813 1.45278,103.813 1.45162,103.813 1.44364,103.813 1.4262))",141.75
76,YISHUN,"POLYGON((103.828 1.40346,103.826 1.40299,103.824 1.40252,103.824 1.4025,103.823 1.40184,103.822 1.40157,103.822 1.40129,103.821 1.40118,103.821 1.40092,103.82 1.4008,103.819 1.40072,103.818 1.40177,103.82 1.4044,103.823 1.41006,103.824 1.41316,103.824 1.41529,103.826 1.42417,103.826 1.42419,103.827 1.42641,103.828 1.42805,103.827 1.42971,103.827 1.43136,103.827 1.4333,103.826 1.43565,103.826 1.43892,103.824 1.44295,103.824 1.444,103.825 1.44469,103.825 1.44504,103.828 1.44511,103.828 1.44539,103.83 1.44667,103.832 1.44979,103.833 1.45024,103.833 1.45127,103.834 1.45158,103.835 1.45175,103.835 1.45169,103.837 1.44993,103.837 1.44953,103.838 1.44953,103.839 1.44978,103.84 1.45137,103.841 1.45167,103.842 1.45188,103.845 1.45319,103.845 1.45338,103.845 1.45337,103.851 1.45603,103.855 1.44913,103.864 1.43641,103.865 1.43586,103.865 1.43544,103.865 1.4345,103.865 1.43311,103.864 1.43208,103.862 1.42889,103.848 1.40986,103.834 1.40641,103.832 1.40609,103.832 1.40608,103.828 1.40347,103.828 1.40346))",404.25
77,SEMBAWANG,"POLYGON((103.781 1.3804,103.78 1.38109,103.78 1.38206,103.78 1.38221,103.78 1.38222,103.779 1.38374,103.778 1.38656,103.778 1.39047,103.777 1.39288,103.777 1.39288,103.777 1.39579,103.778 1.39768,103.778 1.39938,103.778 1.39683,103.778 1.39622,103.778 1.3961,103.782 1.39652,103.787 1.39712,103.79 1.39768,103.793 1.39885,103.798 1.4013,103.799 1.40249,103.8 1.4031,103.8 1.40397,103.799 1.40546,103.796 1.40709,103.795 1.40773,103.793 1.40838,103.79 1.41034,103.789 1.41154,103.788 1.41244,103.788 1.4146,103.789 1.41716,103.789 1.41974,103.79 1.42149,103.79 1.42279,103.79 1.42401,103.79 1.42592,103.789 1.42693,103.788 1.42771,103.787 1.42869,103.787 1.4299,103.787 1.4299,103.788 1.43161,103.788 1.43208,103.788 1.43235,103.789 1.43341,103.79 1.43503,103.791 1.43624,103.793 1.43779,103.793 1.4383,103.796 1.43938,103.796 1.43782,103.796 1.43678,103.797 1.43186,103.797 1.43059,103.798 1.42982,103.799 1.42965,103.8 1.42995,103.801 1.43048,103.802 1.43029,103.802 1.42974,103.805 1.42625,103.805 1.42588,103.806 1.42594,103.808 1.42689,103.809 1.42699,103.811 1.42699,103.813 1.42616,103.813 1.4262,103.814 1.42625,103.816 1.42735,103.82 1.42907,103.821 1.42961,103.823 1.42947,103.824 1.42863,103.824 1.42766,103.824 1.42521,103.824 1.42426,103.824 1.42385,103.825 1.42373,103.826 1.42384,103.826 1.42417,103.824 1.41529,103.824 1.41316,103.823 1.41006,103.82 1.4044,103.818 1.40177,103.817 1.40059,103.818 1.39814,103.816 1.39654,103.815 1.39569,103.816 1.39144,103.816 1.38816,103.817 1.38225,103.817 1.37841,103.817 1.3772,103.818 1.37539,103.819 1.37453,103.819 1.37175,103.818 1.37184,103.816 1.37265,103.815 1.37266,103.814 1.37246,103.812 1.37187,103.808 1.36793,103.808 1.36784,103.806 1.36747,103.805 1.36747,103.805 1.36747,103.804 1.36749,103.804 1.36749,103.801 1.36803,103.8 1.36896,103.794 1.3711,103.793 1.37112,103.791 1.37099,103.791 1.37098,103.79 1.37085,103.788 1.37161,103.787 1.37203,103.785 1.37376,103.785 1.37529,103.784 1.37599,103.781 1.37929,103.781 1.38034,103.781 1.3804))",82.25
78,UPPER THOMSON/SPRINGLEAF,"POLYGON((103.822 1.40129,103.822 1.40157,103.824 1.4025,103.826 1.40299,103.828 1.40346,103.828 1.40347,103.832 1.40608,103.832 1.40609,103.834 1.40641,103.842 1.39291,103.842 1.39284,103.843 1.38912,103.839 1.38606,103.837 1.38406,103.836 1.38199,103.835 1.38167,103.835 1.38164,103.835 1.3814,103.835 1.38123,103.835 1.38121,103.834 1.381,103.834 1.38083,103.834 1.38082,103.831 1.38001,103.828 1.37793,103.827 1.37762,103.825 1.37634,103.825 1.37548,103.824 1.372,103.824 1.37198,103.823 1.37145,103.823 1.37144,103.823 1.37093,103.823 1.37092,103.822 1.37056,103.822 1.37056,103.821 1.37059,103.82 1.37107,103.819 1.37175,103.819 1.37453,103.818 1.37539,103.817 1.3772,103.817 1.37841,103.817 1.38225,103.816 1.38816,103.816 1.39144,103.815 1.39569,103.816 1.39654,103.818 1.39814,103.817 1.40059,103.818 1.40177,103.819 1.40072,103.82 1.4008,103.822 1.40129))",9.25
79,JALAN KAYU,"POLYGON((103.834 1.40641,103.848 1.40986,103.862 1.42889,103.864 1.42706,103.866 1.42605,103.87 1.4251,103.872 1.42379,103.875 1.42176,103.875 1.42034,103.877 1.41864,103.881 1.41588,103.881 1.41675,103.882 1.41719,103.885 1.417,103.886 1.41624,103.888 1.41513,103.891 1.41443,103.893 1.41421,103.894 1.41402,103.896 1.41413,103.888 1.40155,103.881 1.39067,103.881 1.39066,103.881 1.38974,103.88 1.38877,103.88 1.38762,103.881 1.3867,103.881 1.38613,103.879 1.3853,103.879 1.38529,103.878 1.3844,103.877 1.38415,103.876 1.38443,103.876 1.38444,103.876 1.3847,103.876 1.38473,103.876 1.38498,103.876 1.38506,103.875 1.38551,103.874 1.38635,103.874 1.38683,103.874 1.38704,103.873 1.38731,103.873 1.38734,103.872 1.38751,103.869 1.38829,103.866 1.38904,103.864 1.38959,103.861 1.39054,103.859 1.39086,103.859 1.39086,103.858 1.39105,103.858 1.39116,103.858 1.39117,103.857 1.39137,103.855 1.39176,103.854 1.39194,103.854 1.39195,103.854 1.39207,103.854 1.39208,103.853 1.39215,103.853 1.39227,103.852 1.39241,103.85 1.39244,103.849 1.3922,103.848 1.39194,103.846 1.39135,103.845 1.39041,103.843 1.38912,103.842 1.39284,103.842 1.39291,103.834 1.40641))",57
80,SELETAR,"POLYGON((103.877 1.37895,103.874 1.3768,103.872 1.37648,103.872 1.37662,103.868 1.37834,103.867 1.3787,103.866 1.37889,103.863 1.37881,103.861 1.37839,103.857 1.37718,103.855 1.37695,103.852 1.37726,103.849 1.37788,103.848 1.37854,103.848 1.379,103.848 1.37963,103.848 1.38064,103.849 1.38206,103.85 1.38403,103.85 1.38615,103.85 1.39244,103.852 1.39241,103.853 1.39227,103.853 1.39215,103.854 1.39207,103.854 1.39194,103.855 1.39176,103.857 1.39137,103.858 1.39117,103.858 1.39105,103.859 1.39086,103.861 1.39054,103.864 1.38959,103.866 1.38904,103.869 1.38829,103.872 1.38751,103.873 1.38734,103.874 1.38704,103.874 1.38683,103.874 1.38635,103.875 1.38551,103.876 1.38498,103.876 1.38473,103.876 1.38444,103.877 1.38415,103.877 1.38383,103.877 1.38348,103.877 1.38288,103.877 1.38045,103.877 1.37895))",8.5
81,CHANGI AIRPORT,"POLYGON((104.003 1.36913,104.003 1.36913,104.004 1.36883,104.005 1.36814,104.005 1.36737,104.004 1.36641,103.987 1.32657,103.986 1.32508,103.986 1.3251,103.986 1.32528,103.986 1.32528,103.981 1.32749,103.979 1.32792,103.979 1.32797,103.979 1.32797,103.978 1.32787,103.977 1.32748,103.977 1.32747,103.977 1.32676,103.976 1.32666,103.976 1.32623,103.976 1.32696,103.976 1.32844,103.976 1.32906,103.978 1.3319,103.98 1.33507,103.982 1.33806,103.984 1.34316,103.984 1.34364,103.984 1.34401,103.983 1.34412,103.983 1.34389,103.98 1.3383,103.98 1.33792,103.979 1.3378,103.979 1.33778,103.978 1.33798,103.973 1.34019,103.973 1.34022,103.972 1.34072,103.972 1.3415,103.972 1.34185,103.974 1.34521,103.98 1.35924,103.98 1.35929,103.981 1.36195,103.981 1.36202,103.981 1.36245,103.981 1.36261,103.981 1.36264,103.982 1.36304,103.982 1.36325,103.982 1.36326,103.982 1.36362,103.983 1.36556,103.985 1.36961,103.987 1.37541,103.988 1.37889,103.989 1.37924,103.989 1.37951,103.989 1.37969,103.989 1.38004,103.989 1.38024,103.989 1.38057,103.989 1.38063,103.989 1.38089,103.989 1.38114,103.989 1.38219,103.99 1.38334,103.99 1.38335,103.991 1.38756,103.991 1.38903,103.991 1.3892,103.992 1.38907,103.992 1.3897,103.993 1.39135,103.998 1.38998,103.997 1.38781,103.999 1.38751,104 1.38719,104 1.38637,104.001 1.38513,104.001 1.38454,104.001 1.38402,104.001 1.38343,104.001 1.38286,104 1.3816,104 1.38148,104 1.3812,104 1.38099,104 1.37615,104 1.37449,104 1.37448,104 1.37191,104 1.37113,104 1.3707,104.001 1.37029,104.003 1.36913))",1068.25
82,PONGGOL,"POLYGON((103.924 1.39854,103.921 1.39625,103.921 1.39612,103.917 1.39199,103.917 1.3919,103.917 1.39164,103.916 1.39066,103.915 1.38922,103.915 1.38895,103.915 1.38764,103.914 1.38706,103.914 1.38673,103.914 1.38673,103.91 1.39101,103.907 1.39446,103.904 1.39701,103.9 1.39949,103.896 1.40068,103.888 1.40155,103.896 1.41413,103.898 1.41558,103.898 1.4168,103.9 1.41813,103.903 1.41946,103.905 1.41956,103.906 1.41991,103.907 1.42151,103.91 1.42217,103.913 1.42138,103.914 1.41878,103.915 1.41527,103.917 1.41018,103.92 1.40633,103.924 1.40271,103.928 1.40094,103.924 1.39854))",146
90,LOYANG(WEST),"POLYGON((103.954 1.38205,103.956 1.38205,103.959 1.38167,103.965 1.38241,103.966 1.38206,103.967 1.38258,103.966 1.38354,103.965 1.38411,103.967 1.3849,103.968 1.38473,103.971 1.38701,103.973 1.38837,103.977 1.38434,103.978 1.38105,103.978 1.37884,103.978 1.37763,103.977 1.37674,103.961 1.36029,103.96 1.36183,103.956 1.36452,103.953 1.36546,103.953 1.36552,103.954 1.38205))",168.25
93,TUAS(SOUTH),"POLYGON((103.638 1.31625,103.637 1.31527,103.636 1.31353,103.635 1.31252,103.635 1.31184,103.637 1.30893,103.642 1.30169,103.649 1.28711,103.65 1.28516,103.651 1.28416,103.651 1.28227,103.649 1.28026,103.646 1.27806,103.641 1.27862,103.64 1.26555,103.617 1.2545,103.616 1.25328,103.616 1.25137,103.629 1.22448,103.624 1.22222,103.628 1.21267,103.608 1.21751,103.607 1.21869,103.605 1.22076,103.605 1.25019,103.61 1.25032,103.61 1.25769,103.617 1.26096,103.617 1.27098,103.61 1.2711,103.61 1.27412,103.613 1.28292,103.62 1.28759,103.619 1.28954,103.618 1.2912,103.617 1.29246,103.617 1.29426,103.617 1.29618,103.628 1.3246,103.638 1.31625))",4
95,ADMIRALITY(EAST),"POLYGON((103.816 1.47123,103.818 1.4713,103.819 1.47099,103.82 1.47009,103.826 1.46804,103.827 1.46976,103.834 1.46598,103.837 1.46438,103.843 1.46078,103.847 1.4582,103.851 1.45603,103.845 1.45338,103.845 1.45337,103.845 1.45319,103.842 1.45188,103.841 1.45167,103.84 1.45137,103.839 1.44978,103.838 1.44953,103.837 1.44953,103.837 1.44993,103.835 1.45169,103.835 1.45175,103.834 1.45158,103.833 1.45127,103.833 1.45024,103.832 1.44979,103.83 1.44667,103.828 1.44539,103.828 1.44511,103.825 1.44504,103.825 1.44469,103.824 1.444,103.824 1.44295,103.826 1.43892,103.826 1.43565,103.827 1.4333,103.827 1.43136,103.827 1.42971,103.828 1.42805,103.827 1.42641,103.826 1.42419,103.826 1.42417,103.826 1.42384,103.825 1.42373,103.824 1.42385,103.824 1.42426,103.824 1.42521,103.824 1.42766,103.824 1.42863,103.823 1.42947,103.821 1.42961,103.82 1.42907,103.816 1.42735,103.814 1.42625,103.813 1.4262,103.813 1.44364,103.813 1.45162,103.813 1.45278,103.813 1.45727,103.816 1.47123))",101.25
97,BUKIT PANJANG(SOUTH),"POLYGON((103.784 1.37599,103.785 1.37529,103.785 1.37376,103.787 1.37203,103.788 1.37161,103.79 1.37085,103.791 1.37099,103.791 1.36879,103.79 1.36729,103.789 1.36623,103.785 1.36463,103.784 1.36416,103.784 1.36348,103.784 1.36149,103.783 1.36086,103.778 1.35786,103.776 1.3573,103.774 1.35737,103.772 1.35777,103.77 1.35766,103.769 1.35789,103.767 1.35918,103.767 1.3608,103.767 1.36105,103.767 1.36159,103.767 1.36159,103.767 1.36187,103.768 1.36361,103.768 1.36404,103.768 1.3642,103.768 1.36435,103.768 1.36462,103.767 1.36499,103.767 1.36534,103.767 1.36538,103.767 1.36539,103.767 1.36556,103.766 1.36658,103.765 1.36917,103.764 1.3703,103.764 1.37062,103.764 1.37063,103.763 1.37122,103.763 1.37324,103.762 1.37727,103.762 1.37752,103.762 1.37843,103.761 1.37977,103.761 1.37977,103.764 1.38092,103.765 1.38132,103.766 1.38106,103.775 1.37592,103.775 1.37575,103.776 1.37567,103.78 1.37553,103.782 1.37567,103.784 1.37599))",57.5
99,CHANGI POINT(SOUTH),"POLYGON((103.981 1.32749,103.986 1.32528,103.986 1.32528,103.986 1.3251,103.986 1.32508,103.99 1.32301,103.995 1.32166,104.001 1.32121,104.005 1.32192,104.01 1.32296,104.017 1.32545,104.026 1.32538,104.033 1.32558,104.033 1.31493,104.031 1.31479,104.028 1.31473,104.028 1.31731,104.028 1.31954,104.023 1.31957,104.023 1.31506,104.019 1.31509,104.011 1.31456,104.004 1.31003,104.001 1.30937,103.991 1.31284,103.983 1.31127,103.983 1.31238,103.985 1.31369,103.984 1.31591,103.982 1.3163,103.976 1.31493,103.975 1.31596,103.976 1.32187,103.976 1.32439,103.976 1.32623,103.976 1.32666,103.977 1.32676,103.977 1.32748,103.978 1.32787,103.979 1.32797,103.979 1.32792,103.981 1.32749))",4.666666667
